"extension","Count","bytes"
".json","22767","616121684"
".py","4819","39720881"
".png","3648","330275608"
".qml","3027","12862066"
".pyc","2856","36339684"
".md","1955","6954251"
"","1299","128923552"
".dll","1145","1233032112"
".qm","912","47776077"
".lua","751","8094895"
".h","589","3962265"
".txt","467","4131284"
".ps1","347","27455250"
".qmltypes","312","13329408"
".xml","303","2591229"
".exe","256","1926420490"
".zip","241","3150928797"
".pyi","183","14892771"
".pak","183","415347873"
".pyd","180","116782944"
".c","110","5734391"
".gdoc","92","16100"
".docx","91","935279"
".cpp","84","640206"
".cs","79","546125"
".cache","78","11256"
".typed","76","1894"
".sample","70","133940"
".bat","62","40311"
".lib","54","5516928"
".asm","47","103434"
".ct","46","13476475"
".obj","41","8316154"
".cmake","33","163263"
".metainfo","33","306777"
".jsonl","33","93956"
".psm1","31","171822"
".exp","27","45410"
".rst","26","114464"
".log","26","988507"
".idx","26","485168"
".editorconfig","18","16110"
".bin","16","23659074"
".whl","14","825855"
".cmd","14","2520"
".csv","14","334363"
".BSD","10","13440"
".APACHE","10","101740"
".js","9","88271"
".pdb","9","1814332"
".rev","8","27172"
".toc","8","3157726"
".pack","8","104394356"
".gitignore","7","1591"
".sql","7","50337"
".sqlite","6","73236480"
".frag","6","642"
".targets","6","900"
".csproj","6","1890"
".BuildWithSkipAnalyzers","6","0"
".props","6","6810"
".prl","6","6909"
".def","6","2664"
".pem","5","1456830"
".html","5","2152808"
".rgba","5","17039360"
".fish","4","9225"
".cfg","4","915"
".cargo-lock","4","0"
".spec","4","8249"
".cargo-build-lock","4","0"
".ico","3","145338"
".toml","3","2565"
".jpg","3","24471"
".gz","3","21577"
".css","3","18939"
".yml","3","5313"
".icns","3","141192"
".d","3","862"
".mesh","3","386052"
".graph","3","45368"
".dat","3","31403040"
".lock","2","174"
".xlsx","2","71418"
".pkg","2","467642993"
".v2","2","85898"
".dmp","2","3500066"
".timestamp","2","96"
".gsheet","2","350"
".TAG","2","354"
".spv","2","3532"
".cargo-artifact-lock","2","0"
".pyz","2","11727517"
".mtimes","1","56"
".deleteme","1","108420"
".iss","1","3199"
".mtl","1","178"
".ini","1","100"
".rs","1","404"
".rmeta","1","0"
".vsidx","1","31594"
".2","1","41"
".suo","1","6144"
".diff","1","253015"
