"directory","Count","bytes"
"_static_audit_20260926","25","17639920"
"analyze_feature_xrefs.py","1","1666"
"Architect_Mod","24046","2506774103"
"Canonical Brain","31","211304"
"Cheat Tables","6564","707918183"
"Control_Center","3665","2965366094"
"Control_Center_Next","30","161280"
"Control_Center.zip","1","4774209"
"EmberVault","189","189002"
"EmberVault-Control-Center","10097","1367540247"
"Emberworks","247","3180760"
"ENSHROUDED KFC FILES","131","644771939"
"Enshrouded Mod Hub Site","51","85791"
"enshrouded_1013216_rebuilt_reference.ct","1","361670"
"Enshrouded_Implementation_Patterns.md","1","4196"
"Enshrouded_Independent_Build_Plan.md","1","3797"
"Enshrouded_Mod_Research","2380","37150811"
"Enshrouded_Reference_Exact_Audit.md","1","8418"
"Enshrouded_Reference_Feature_Specification.md","1","16571"
"Export","58","198106759"
"Incoming","184","463558789"
"tools","1","307"
