"path","version"
"implementations\source\mods-drive\Incoming\2026-09-19\INC-0055\INTAKE_METADATA.txt","1013216"
"research\source\mods-drive\Architect_Mod\Research\F7-Admin-Capability-Catalog-2026-09-17.md","1013216"
"research\source\research-drive\Enshrouded Mods-20260918T044156Z-1-001\Enshrouded Mods\Architect_Mod\Research\F7-Admin-Capability-Catalog-2026-09-17.md","1013216"
"case-studies\source\mods-drive\Architect_Mod\Code_History\CODE-0036\CODE-0036_HANDOFF.txt","1076226"
"case-studies\source\mods-drive\Architect_Mod\Code_History\CODE-0036A\CODE-0036A_HANDOFF.txt","1076226"
"case-studies\source\mods-drive\Architect_Mod\Code_History\CODE-0037\CODE-0037_CODEX_PROMPT.md","1076226"
"case-studies\source\mods-drive\Architect_Mod\Code_History\CODE-0037B\CODE-0037B_CODEX_PROMPT.md","1076226"
"case-studies\source\mods-drive\Architect_Mod\Code_History\CODE-0037C\CODE-0037C_CODEX_PROMPT.md","1076226"
"case-studies\source\mods-drive\Architect_Mod\Code_History\CODE-0037D\CODE-0037D_CODEX_PROMPT.md","1076226"
"case-studies\source\mods-drive\Architect_Mod\Code_History\CODE-0037E\CODE-0037E_CODEX_PROMPT.md","1076226"
"case-studies\source\mods-drive\Architect_Mod\Code_History\CODE-0037F\CODE-0037F_CODEX_PROMPT.md","1076226"
"case-studies\source\mods-drive\Architect_Mod\Code_History\CODE-0041\CODE-0041_HANDOFF.txt","1076226"
"case-studies\source\mods-drive\Architect_Mod\Code_History\CODE-0042G1F1B\CODEX_PROMPT_CODE0042G1F1C_POSITION_FAIL_CLOSED.txt","1076226"
"case-studies\source\mods-drive\Architect_Mod\Code_History\CODE-0042G5J\CODEX_GOAL_CODE0042G5J_DEVELOPER_DIAGNOSTICS_RESPONSIVE_CLOSEOUT.txt","1076226"
"case-studies\source\mods-drive\Architect_Mod\Code_History\CODE-0043G6A\CODEX_GOAL_CODE0043G6A_FIRST_LIVE_F7_CAPABILITY_CODE0033.txt","1076226"
"case-studies\source\mods-drive\Architect_Mod\Code_History\CODE-0044A\baseline_SOURCE_MANIFEST.md","1076226"
"case-studies\source\mods-drive\Architect_Mod\Code_History\CODE-0044A\candidate\docs\architecture\Architect-Engineering-State-1076226.md","1076226"
"case-studies\source\mods-drive\Architect_Mod\Code_History\CODE-0044A\candidate\docs\features\SemanticBuildingCatalog-v1.md","1076226"
"case-studies\source\mods-drive\Architect_Mod\Code_History\CODE-0044A\candidate\docs\features\StructureRecorder-v1.md","1076226"
"case-studies\source\mods-drive\Architect_Mod\Code_History\CODE-0044A\candidate\Export\MANIFEST_INC0016.md","1076226"
"case-studies\source\mods-drive\Architect_Mod\Code_History\CODE-LEGACY-0001\MANIFEST.txt","1076226"
"case-studies\source\mods-drive\Architect_Mod\Code_History\CODE-LEGACY-0002\MANIFEST.txt","1076226"
"case-studies\source\mods-drive\Architect_Mod\Code_History\CODE-LEGACY-0003\MANIFEST.txt","1076226"
"case-studies\source\mods-drive\Architect_Mod\Code_History\CODE-LEGACY-0004\MANIFEST.txt","1076226"
"case-studies\source\mods-drive\Architect_Mod\Code_History\CODE-LEGACY-0005\MANIFEST.txt","1076226"
"case-studies\source\mods-drive\Architect_Mod\Code_History\CODE-LEGACY-0006\MANIFEST.txt","1076226"
"case-studies\source\mods-drive\Architect_Mod\Code_History\CODE-LEGACY-0007\MANIFEST.txt","1076226"
"case-studies\source\mods-drive\Architect_Mod\Current\SOURCE_MANIFEST.md","1076226"
"case-studies\source\mods-drive\Control_Center\docs\LIVE_MOD_INVENTORY_20260927.md","1076226"
"case-studies\source\mods-drive\Control_Center\docs\RETROFIT_STATUS_MATRIX_20260926.md","1076226"
"case-studies\source\mods-drive\EmberVault-Control-Center\docs\EML_RUNTIME_EVIDENCE.md","1076226"
"case-studies\source\mods-drive\EmberVault-Control-Center\docs\RUNTIME_ADAPTER_STATUS.md","1076226"
"case-studies\source\mods-drive\EmberVault-Control-Center\docs\STAGE_18_STATUS.md","1076226"
"experiments\source\mods-drive\Control_Center\docs\CONTROL_CENTER_UPGRADE_VERIFICATION_20260927.md","1076226"
"experiments\source\mods-drive\Export\Test_Builds\MANIFEST_INC0016.md","1076226"
"experiments\source\mods-drive\Incoming\2026-09-19\INC-0045\siteA_probe_qualification_report.md","1076226"
"experiments\source\mods-drive\Incoming\2026-09-19\INC-0045\siteA_probe_qualification_transcript.txt","1076226"
"experiments\source\mods-drive\Incoming\2026-09-19\INC-0046\siteA_probe_safety_closure_report.md","1076226"
"experiments\source\mods-drive\Incoming\2026-09-19\INC-0046\siteA_probe_safety_closure_transcript.md","1076226"
"implementations\source\mods-drive\Export\F7_ACTION_COVERAGE_REPORT.md","1076226"
"implementations\source\mods-drive\Export\MANIFEST_INC0013.md","1076226"
"implementations\source\mods-drive\Export\MANIFEST_INC0014.md","1076226"
"implementations\source\mods-drive\Export\MANIFEST_INC0015.md","1076226"
"implementations\source\mods-drive\Export\MANIFEST_INC0016.md","1076226"
"implementations\source\mods-drive\Export\Reports\F7_ACTION_COVERAGE_REPORT.md","1076226"
"implementations\source\mods-drive\Incoming\2026-09-15\INC-0001\INTAKE_MANIFEST.md","1076226"
"implementations\source\mods-drive\Incoming\2026-09-18\INC-0015\INC-0015_root_cause_report.md","1076226"
"implementations\source\mods-drive\Incoming\2026-09-18\INC-0017\F7_ACTION_COVERAGE_REPORT.md","1076226"
"implementations\source\mods-drive\Incoming\2026-09-18\INC-0017\INC0016_REPAIR_WALKTHROUGH.md","1076226"
"implementations\source\mods-drive\Incoming\2026-09-18\INC-0019\agent_ui_stabilization_report.md","1076226"
"implementations\source\mods-drive\Incoming\2026-09-19\INC-0031\INC-0031_exact_zip_root_cause.md","1076226"
"implementations\source\mods-drive\Incoming\2026-09-19\INC-0040\stamina_authority_phase1_report.md","1076226"
"implementations\source\mods-drive\Incoming\2026-09-19\INC-0041\stamina_phase2_summary.md","1076226"
"implementations\source\mods-drive\Incoming\2026-09-19\INC-0043\stamina_siteA_pointer_provenance.md","1076226"
"implementations\source\mods-drive\Incoming\2026-09-19\INC-0055\INTAKE_METADATA.txt","1076226"
"implementations\source\mods-drive\Incoming\2026-09-19\INC-0056\INTAKE_METADATA.txt","1076226"
"implementations\source\mods-drive\Incoming\2026-09-19\INC-0059\INTAKE_METADATA.txt","1076226"
"implementations\source\mods-drive\Incoming\2026-09-20\INC-0061\INTAKE_METADATA.txt","1076226"
"implementations\source\mods-drive\Incoming\2026-09-20\INC-0062\CODEX_PROMPT_F7_V042_RESPONSIVE_REFACTOR.txt","1076226"
"implementations\source\mods-drive\Incoming\2026-09-20\INC-0062\INC-0062_INTAKE_METADATA.txt","1076226"
"research\FINDINGS.md","1076226"
"research\records\BUILDING_PLACEMENT_1076226.md","1076226"
"research\records\DATA_INGESTION_1076226.md","1076226"
"research\records\ENTITIES_OBSERVERS_1076226.md","1076226"
"research\records\SETTINGS_ADMIN_MULTIPLAYER_1076226.md","1076226"
"research\source\mods-drive\Architect_Mod\Code_History\CODE-0037-working\architect_toolkit\docs\research\BlueprintSelectionAuthority-StaticMap-v1.md","1076226"
"research\source\mods-drive\Architect_Mod\Code_History\CODE-0037-working\architect_toolkit\docs\research\BuildingCommitTransform-StaticMap-v1.md","1076226"
"research\source\mods-drive\Architect_Mod\Code_History\CODE-0037-working\architect_toolkit\docs\research\BuildingIdentityAuthority-StaticMap-v1.md","1076226"
"research\source\mods-drive\Architect_Mod\Code_History\CODE-0037-working\architect_toolkit\docs\research\BuildingKfcIngestion-1076226.md","1076226"
"research\source\mods-drive\Architect_Mod\Code_History\CODE-0037-working\architect_toolkit\docs\research\BuildingSnap-StaticMap-v1.md","1076226"
"research\source\mods-drive\Architect_Mod\Code_History\CODE-0037-working\architect_toolkit\docs\research\CameraFOV-CODE-0032-LiveResourceDiscovery.md","1076226"
"research\source\mods-drive\Architect_Mod\Code_History\CODE-0037-working\architect_toolkit\docs\research\ClientPlayerInput-StaticMap-v1.md","1076226"
"research\source\mods-drive\Architect_Mod\Code_History\CODE-0037-working\architect_toolkit\docs\research\CODE-0032-First-Live-Cheat-Sprint.md","1076226"
"research\source\mods-drive\Architect_Mod\Code_History\CODE-0037-working\architect_toolkit\docs\research\CODE-0033-Movement-Stamina-Correlation.md","1076226"
"research\source\mods-drive\Architect_Mod\Code_History\CODE-0037-working\architect_toolkit\docs\research\CreateBuildingItem-StaticMap-v1.md","1076226"
"research\source\mods-drive\Architect_Mod\Code_History\CODE-0037-working\architect_toolkit\docs\research\CreateBuildingItemDispatch-StaticMap-v1.md","1076226"
"research\source\mods-drive\Architect_Mod\Code_History\CODE-0037-working\architect_toolkit\docs\research\GameSettings-CODE-0023-Static.md","1076226"
"research\source\mods-drive\Architect_Mod\Code_History\CODE-0037-working\architect_toolkit\docs\research\GameSettings-CODE-0024-Dispatch-Readback.md","1076226"
"research\source\mods-drive\Architect_Mod\Code_History\CODE-0037-working\architect_toolkit\docs\research\GameSettings-CODE-0025-DataFlow.md","1076226"
"research\source\mods-drive\Architect_Mod\Code_History\CODE-0037-working\architect_toolkit\docs\research\GameSettings-CODE-0026-DescriptorCallbacks.md","1076226"
"research\source\mods-drive\Architect_Mod\Code_History\CODE-0037-working\architect_toolkit\docs\research\InventoryTransfer-StaticMap-v1.md","1076226"
"research\source\mods-drive\Architect_Mod\Code_History\CODE-0037-working\architect_toolkit\docs\research\OwnerRootedContainerFamily-StaticMap-v1.md","1076226"
"research\source\mods-drive\Architect_Mod\Code_History\CODE-0037-working\architect_toolkit\docs\research\OwnerRootedSlotDispatch-StaticMap-v1.md","1076226"
"research\source\mods-drive\Architect_Mod\Code_History\CODE-0037-working\architect_toolkit\docs\research\ParentCallRelayDownstreamCorrelation-Design-v1.md","1076226"
"research\source\mods-drive\Architect_Mod\Code_History\CODE-0037-working\architect_toolkit\docs\research\PlacementBlueprintAuthority-StaticMap-v1.md","1076226"
"research\source\mods-drive\Architect_Mod\Code_History\CODE-0037-working\architect_toolkit\docs\research\PlacementComputedDestinationArithmetic-StaticMap-v1.md","1076226"
"research\source\mods-drive\Architect_Mod\Code_History\CODE-0037-working\architect_toolkit\docs\research\PlacementFrameInputProvenance-StaticMap-v1.md","1076226"
"research\source\mods-drive\Architect_Mod\Code_History\CODE-0037-working\architect_toolkit\docs\research\PlacementHelperBufferFieldProvenance-StaticMap-v1.md","1076226"
"research\source\mods-drive\Architect_Mod\Code_History\CODE-0037-working\architect_toolkit\docs\research\PlacementHelperObserverSiteQualification-StaticMap-v1.md","1076226"
"research\source\mods-drive\Architect_Mod\Code_History\CODE-0037-working\architect_toolkit\docs\research\PlayerDiscovery-CODE-0022B-Static.md","1076226"
"research\source\mods-drive\Architect_Mod\Code_History\CODE-0037-working\architect_toolkit\docs\research\PlayerObserver-CODE-0021.md","1076226"
"research\source\mods-drive\Architect_Mod\Code_History\CODE-0037-working\architect_toolkit\docs\research\PreviewWriteDestinationOwner-StaticMap-v1.md","1076226"
"research\source\mods-drive\Architect_Mod\Code_History\CODE-0037-working\architect_toolkit\docs\research\SelectionPreviewAuthorityConvergence-StaticMap-v1.md","1076226"
"research\source\mods-drive\Architect_Mod\Code_History\CODE-0037-working\architect_toolkit\docs\research\SemanticActionDispatcher-StaticMap-v1.md","1076226"
"research\source\mods-drive\Architect_Mod\Code_History\CODE-0037-working\architect_toolkit\docs\research\SemanticActionObserver-v1.md","1076226"
"research\source\mods-drive\Architect_Mod\Code_History\CODE-0037-working\architect_toolkit\docs\research\SemanticActionObserver-v3.md","1076226"
"research\source\mods-drive\Architect_Mod\Code_History\CODE-0037-working\architect_toolkit\docs\research\SemanticActionObserver-v4.md","1076226"
"research\source\mods-drive\Architect_Mod\Code_History\CODE-0037-working\architect_toolkit\docs\research\SemanticActionObserver-v8.md","1076226"
"research\source\mods-drive\Architect_Mod\Code_History\CODE-0037-working\architect_toolkit\docs\research\SinglePlacementCarrier-Audit-v1.md","1076226"
"research\source\mods-drive\Architect_Mod\Code_History\CODE-0037-working\architect_toolkit\docs\research\SinglePlacementCarrier-v1.md","1076226"
"research\source\mods-drive\Architect_Mod\Code_History\CODE-0037-working\architect_toolkit\docs\research\SnapCandidateSelection-StaticMap-v1.md","1076226"
"research\source\mods-drive\Architect_Mod\Code_History\CODE-0037-working\architect_toolkit\docs\research\StructureCoordinates-1076226.md","1076226"
"research\source\mods-drive\Architect_Mod\Code_History\CODE-0037-working\architect_toolkit\docs\research\TargetResolver-StaticMap-v1.md","1076226"
"research\source\mods-drive\Architect_Mod\Code_History\CODE-0037-working\architect_toolkit\runtime\native\ARCHITECT_NATIVE_KNOWLEDGE.md","1076226"
"research\source\mods-drive\Architect_Mod\Code_History\CODE-0037-working\architect_toolkit\temp_verify\architect_toolkit\temp_inspect\architect_toolkit\temp_zip_extract\architect_toolkit\docs\research\BlueprintSelectionAuthority-StaticMap-v1.md","1076226"
"research\source\mods-drive\Architect_Mod\Code_History\CODE-0037-working\architect_toolkit\temp_verify\architect_toolkit\temp_inspect\architect_toolkit\temp_zip_extract\architect_toolkit\docs\research\BuildingCommitTransform-StaticMap-v1.md","1076226"
"research\source\mods-drive\Architect_Mod\Code_History\CODE-0037-working\architect_toolkit\temp_verify\architect_toolkit\temp_inspect\architect_toolkit\temp_zip_extract\architect_toolkit\docs\research\BuildingIdentityAuthority-StaticMap-v1.md","1076226"
"research\source\mods-drive\Architect_Mod\Code_History\CODE-0037-working\architect_toolkit\temp_verify\architect_toolkit\temp_inspect\architect_toolkit\temp_zip_extract\architect_toolkit\docs\research\BuildingKfcIngestion-1076226.md","1076226"
"research\source\mods-drive\Architect_Mod\Code_History\CODE-0037-working\architect_toolkit\temp_verify\architect_toolkit\temp_inspect\architect_toolkit\temp_zip_extract\architect_toolkit\docs\research\BuildingSnap-StaticMap-v1.md","1076226"
"research\source\mods-drive\Architect_Mod\Code_History\CODE-0037-working\architect_toolkit\temp_verify\architect_toolkit\temp_inspect\architect_toolkit\temp_zip_extract\architect_toolkit\docs\research\CameraFOV-CODE-0032-LiveResourceDiscovery.md","1076226"
"research\source\mods-drive\Architect_Mod\Code_History\CODE-0037-working\architect_toolkit\temp_verify\architect_toolkit\temp_inspect\architect_toolkit\temp_zip_extract\architect_toolkit\docs\research\ClientPlayerInput-StaticMap-v1.md","1076226"
"research\source\mods-drive\Architect_Mod\Code_History\CODE-0037-working\architect_toolkit\temp_verify\architect_toolkit\temp_inspect\architect_toolkit\temp_zip_extract\architect_toolkit\docs\research\CODE-0032-First-Live-Cheat-Sprint.md","1076226"
"research\source\mods-drive\Architect_Mod\Code_History\CODE-0037-working\architect_toolkit\temp_verify\architect_toolkit\temp_inspect\architect_toolkit\temp_zip_extract\architect_toolkit\docs\research\CODE-0033-Movement-Stamina-Correlation.md","1076226"
"research\source\mods-drive\Architect_Mod\Code_History\CODE-0037-working\architect_toolkit\temp_verify\architect_toolkit\temp_inspect\architect_toolkit\temp_zip_extract\architect_toolkit\docs\research\CreateBuildingItem-StaticMap-v1.md","1076226"
"research\source\mods-drive\Architect_Mod\Code_History\CODE-0037-working\architect_toolkit\temp_verify\architect_toolkit\temp_inspect\architect_toolkit\temp_zip_extract\architect_toolkit\docs\research\CreateBuildingItemDispatch-StaticMap-v1.md","1076226"
"research\source\mods-drive\Architect_Mod\Code_History\CODE-0037-working\architect_toolkit\temp_verify\architect_toolkit\temp_inspect\architect_toolkit\temp_zip_extract\architect_toolkit\docs\research\GameSettings-CODE-0023-Static.md","1076226"
"research\source\mods-drive\Architect_Mod\Code_History\CODE-0037-working\architect_toolkit\temp_verify\architect_toolkit\temp_inspect\architect_toolkit\temp_zip_extract\architect_toolkit\docs\research\GameSettings-CODE-0024-Dispatch-Readback.md","1076226"
"research\source\mods-drive\Architect_Mod\Code_History\CODE-0037-working\architect_toolkit\temp_verify\architect_toolkit\temp_inspect\architect_toolkit\temp_zip_extract\architect_toolkit\docs\research\GameSettings-CODE-0025-DataFlow.md","1076226"
"research\source\mods-drive\Architect_Mod\Code_History\CODE-0037-working\architect_toolkit\temp_verify\architect_toolkit\temp_inspect\architect_toolkit\temp_zip_extract\architect_toolkit\docs\research\GameSettings-CODE-0026-DescriptorCallbacks.md","1076226"
"research\source\mods-drive\Architect_Mod\Code_History\CODE-0037-working\architect_toolkit\temp_verify\architect_toolkit\temp_inspect\architect_toolkit\temp_zip_extract\architect_toolkit\docs\research\InventoryTransfer-StaticMap-v1.md","1076226"
"research\source\mods-drive\Architect_Mod\Code_History\CODE-0037-working\architect_toolkit\temp_verify\architect_toolkit\temp_inspect\architect_toolkit\temp_zip_extract\architect_toolkit\docs\research\OwnerRootedContainerFamily-StaticMap-v1.md","1076226"
"research\source\mods-drive\Architect_Mod\Code_History\CODE-0037-working\architect_toolkit\temp_verify\architect_toolkit\temp_inspect\architect_toolkit\temp_zip_extract\architect_toolkit\docs\research\OwnerRootedSlotDispatch-StaticMap-v1.md","1076226"
"research\source\mods-drive\Architect_Mod\Code_History\CODE-0037-working\architect_toolkit\temp_verify\architect_toolkit\temp_inspect\architect_toolkit\temp_zip_extract\architect_toolkit\docs\research\ParentCallRelayDownstreamCorrelation-Design-v1.md","1076226"
"research\source\mods-drive\Architect_Mod\Code_History\CODE-0037-working\architect_toolkit\temp_verify\architect_toolkit\temp_inspect\architect_toolkit\temp_zip_extract\architect_toolkit\docs\research\PlacementBlueprintAuthority-StaticMap-v1.md","1076226"
"research\source\mods-drive\Architect_Mod\Code_History\CODE-0037-working\architect_toolkit\temp_verify\architect_toolkit\temp_inspect\architect_toolkit\temp_zip_extract\architect_toolkit\docs\research\PlacementComputedDestinationArithmetic-StaticMap-v1.md","1076226"
"research\source\mods-drive\Architect_Mod\Code_History\CODE-0037-working\architect_toolkit\temp_verify\architect_toolkit\temp_inspect\architect_toolkit\temp_zip_extract\architect_toolkit\docs\research\PlacementFrameInputProvenance-StaticMap-v1.md","1076226"
"research\source\mods-drive\Architect_Mod\Code_History\CODE-0037-working\architect_toolkit\temp_verify\architect_toolkit\temp_inspect\architect_toolkit\temp_zip_extract\architect_toolkit\docs\research\PlacementHelperBufferFieldProvenance-StaticMap-v1.md","1076226"
"research\source\mods-drive\Architect_Mod\Code_History\CODE-0037-working\architect_toolkit\temp_verify\architect_toolkit\temp_inspect\architect_toolkit\temp_zip_extract\architect_toolkit\docs\research\PlacementHelperObserverSiteQualification-StaticMap-v1.md","1076226"
"research\source\mods-drive\Architect_Mod\Code_History\CODE-0037-working\architect_toolkit\temp_verify\architect_toolkit\temp_inspect\architect_toolkit\temp_zip_extract\architect_toolkit\docs\research\PlayerDiscovery-CODE-0022B-Static.md","1076226"
"research\source\mods-drive\Architect_Mod\Code_History\CODE-0037-working\architect_toolkit\temp_verify\architect_toolkit\temp_inspect\architect_toolkit\temp_zip_extract\architect_toolkit\docs\research\PlayerObserver-CODE-0021.md","1076226"
"research\source\mods-drive\Architect_Mod\Code_History\CODE-0037-working\architect_toolkit\temp_verify\architect_toolkit\temp_inspect\architect_toolkit\temp_zip_extract\architect_toolkit\docs\research\PreviewWriteDestinationOwner-StaticMap-v1.md","1076226"
"research\source\mods-drive\Architect_Mod\Code_History\CODE-0037-working\architect_toolkit\temp_verify\architect_toolkit\temp_inspect\architect_toolkit\temp_zip_extract\architect_toolkit\docs\research\SelectionPreviewAuthorityConvergence-StaticMap-v1.md","1076226"
"research\source\mods-drive\Architect_Mod\Code_History\CODE-0037-working\architect_toolkit\temp_verify\architect_toolkit\temp_inspect\architect_toolkit\temp_zip_extract\architect_toolkit\docs\research\SemanticActionDispatcher-StaticMap-v1.md","1076226"
"research\source\mods-drive\Architect_Mod\Code_History\CODE-0037-working\architect_toolkit\temp_verify\architect_toolkit\temp_inspect\architect_toolkit\temp_zip_extract\architect_toolkit\docs\research\SemanticActionObserver-v1.md","1076226"
"research\source\mods-drive\Architect_Mod\Code_History\CODE-0037-working\architect_toolkit\temp_verify\architect_toolkit\temp_inspect\architect_toolkit\temp_zip_extract\architect_toolkit\docs\research\SemanticActionObserver-v3.md","1076226"
"research\source\mods-drive\Architect_Mod\Code_History\CODE-0037-working\architect_toolkit\temp_verify\architect_toolkit\temp_inspect\architect_toolkit\temp_zip_extract\architect_toolkit\docs\research\SemanticActionObserver-v4.md","1076226"
"research\source\mods-drive\Architect_Mod\Code_History\CODE-0037-working\architect_toolkit\temp_verify\architect_toolkit\temp_inspect\architect_toolkit\temp_zip_extract\architect_toolkit\docs\research\SemanticActionObserver-v8.md","1076226"
"research\source\mods-drive\Architect_Mod\Code_History\CODE-0037-working\architect_toolkit\temp_verify\architect_toolkit\temp_inspect\architect_toolkit\temp_zip_extract\architect_toolkit\docs\research\SinglePlacementCarrier-Audit-v1.md","1076226"
"research\source\mods-drive\Architect_Mod\Code_History\CODE-0037-working\architect_toolkit\temp_verify\architect_toolkit\temp_inspect\architect_toolkit\temp_zip_extract\architect_toolkit\docs\research\SinglePlacementCarrier-v1.md","1076226"
"research\source\mods-drive\Architect_Mod\Code_History\CODE-0037-working\architect_toolkit\temp_verify\architect_toolkit\temp_inspect\architect_toolkit\temp_zip_extract\architect_toolkit\docs\research\SnapCandidateSelection-StaticMap-v1.md","1076226"
"research\source\mods-drive\Architect_Mod\Code_History\CODE-0037-working\architect_toolkit\temp_verify\architect_toolkit\temp_inspect\architect_toolkit\temp_zip_extract\architect_toolkit\docs\research\StructureCoordinates-1076226.md","1076226"
"research\source\mods-drive\Architect_Mod\Code_History\CODE-0037-working\architect_toolkit\temp_verify\architect_toolkit\temp_inspect\architect_toolkit\temp_zip_extract\architect_toolkit\docs\research\TargetResolver-StaticMap-v1.md","1076226"
"research\source\mods-drive\Architect_Mod\Code_History\CODE-0037-working\architect_toolkit\temp_verify\architect_toolkit\temp_inspect\architect_toolkit\temp_zip_extract\architect_toolkit\runtime\native\ARCHITECT_NATIVE_KNOWLEDGE.md","1076226"
"research\source\mods-drive\Architect_Mod\Code_History\CODE-0037-working\architect_toolkit\temp_zip_extract\architect_toolkit\docs\research\BlueprintSelectionAuthority-StaticMap-v1.md","1076226"
"research\source\mods-drive\Architect_Mod\Code_History\CODE-0037-working\architect_toolkit\temp_zip_extract\architect_toolkit\docs\research\BuildingCommitTransform-StaticMap-v1.md","1076226"
"research\source\mods-drive\Architect_Mod\Code_History\CODE-0037-working\architect_toolkit\temp_zip_extract\architect_toolkit\docs\research\BuildingIdentityAuthority-StaticMap-v1.md","1076226"
"research\source\mods-drive\Architect_Mod\Code_History\CODE-0037-working\architect_toolkit\temp_zip_extract\architect_toolkit\docs\research\BuildingKfcIngestion-1076226.md","1076226"
"research\source\mods-drive\Architect_Mod\Code_History\CODE-0037-working\architect_toolkit\temp_zip_extract\architect_toolkit\docs\research\BuildingSnap-StaticMap-v1.md","1076226"
"research\source\mods-drive\Architect_Mod\Code_History\CODE-0037-working\architect_toolkit\temp_zip_extract\architect_toolkit\docs\research\CameraFOV-CODE-0032-LiveResourceDiscovery.md","1076226"
"research\source\mods-drive\Architect_Mod\Code_History\CODE-0037-working\architect_toolkit\temp_zip_extract\architect_toolkit\docs\research\ClientPlayerInput-StaticMap-v1.md","1076226"
"research\source\mods-drive\Architect_Mod\Code_History\CODE-0037-working\architect_toolkit\temp_zip_extract\architect_toolkit\docs\research\CODE-0032-First-Live-Cheat-Sprint.md","1076226"
"research\source\mods-drive\Architect_Mod\Code_History\CODE-0037-working\architect_toolkit\temp_zip_extract\architect_toolkit\docs\research\CODE-0033-Movement-Stamina-Correlation.md","1076226"
"research\source\mods-drive\Architect_Mod\Code_History\CODE-0037-working\architect_toolkit\temp_zip_extract\architect_toolkit\docs\research\CreateBuildingItem-StaticMap-v1.md","1076226"
"research\source\mods-drive\Architect_Mod\Code_History\CODE-0037-working\architect_toolkit\temp_zip_extract\architect_toolkit\docs\research\CreateBuildingItemDispatch-StaticMap-v1.md","1076226"
"research\source\mods-drive\Architect_Mod\Code_History\CODE-0037-working\architect_toolkit\temp_zip_extract\architect_toolkit\docs\research\GameSettings-CODE-0023-Static.md","1076226"
"research\source\mods-drive\Architect_Mod\Code_History\CODE-0037-working\architect_toolkit\temp_zip_extract\architect_toolkit\docs\research\GameSettings-CODE-0024-Dispatch-Readback.md","1076226"
"research\source\mods-drive\Architect_Mod\Code_History\CODE-0037-working\architect_toolkit\temp_zip_extract\architect_toolkit\docs\research\GameSettings-CODE-0025-DataFlow.md","1076226"
"research\source\mods-drive\Architect_Mod\Code_History\CODE-0037-working\architect_toolkit\temp_zip_extract\architect_toolkit\docs\research\GameSettings-CODE-0026-DescriptorCallbacks.md","1076226"
"research\source\mods-drive\Architect_Mod\Code_History\CODE-0037-working\architect_toolkit\temp_zip_extract\architect_toolkit\docs\research\InventoryTransfer-StaticMap-v1.md","1076226"
"research\source\mods-drive\Architect_Mod\Code_History\CODE-0037-working\architect_toolkit\temp_zip_extract\architect_toolkit\docs\research\OwnerRootedContainerFamily-StaticMap-v1.md","1076226"
"research\source\mods-drive\Architect_Mod\Code_History\CODE-0037-working\architect_toolkit\temp_zip_extract\architect_toolkit\docs\research\OwnerRootedSlotDispatch-StaticMap-v1.md","1076226"
"research\source\mods-drive\Architect_Mod\Code_History\CODE-0037-working\architect_toolkit\temp_zip_extract\architect_toolkit\docs\research\ParentCallRelayDownstreamCorrelation-Design-v1.md","1076226"
"research\source\mods-drive\Architect_Mod\Code_History\CODE-0037-working\architect_toolkit\temp_zip_extract\architect_toolkit\docs\research\PlacementBlueprintAuthority-StaticMap-v1.md","1076226"
"research\source\mods-drive\Architect_Mod\Code_History\CODE-0037-working\architect_toolkit\temp_zip_extract\architect_toolkit\docs\research\PlacementComputedDestinationArithmetic-StaticMap-v1.md","1076226"
"research\source\mods-drive\Architect_Mod\Code_History\CODE-0037-working\architect_toolkit\temp_zip_extract\architect_toolkit\docs\research\PlacementFrameInputProvenance-StaticMap-v1.md","1076226"
"research\source\mods-drive\Architect_Mod\Code_History\CODE-0037-working\architect_toolkit\temp_zip_extract\architect_toolkit\docs\research\PlacementHelperBufferFieldProvenance-StaticMap-v1.md","1076226"
"research\source\mods-drive\Architect_Mod\Code_History\CODE-0037-working\architect_toolkit\temp_zip_extract\architect_toolkit\docs\research\PlacementHelperObserverSiteQualification-StaticMap-v1.md","1076226"
"research\source\mods-drive\Architect_Mod\Code_History\CODE-0037-working\architect_toolkit\temp_zip_extract\architect_toolkit\docs\research\PlayerDiscovery-CODE-0022B-Static.md","1076226"
"research\source\mods-drive\Architect_Mod\Code_History\CODE-0037-working\architect_toolkit\temp_zip_extract\architect_toolkit\docs\research\PlayerObserver-CODE-0021.md","1076226"
"research\source\mods-drive\Architect_Mod\Code_History\CODE-0037-working\architect_toolkit\temp_zip_extract\architect_toolkit\docs\research\PreviewWriteDestinationOwner-StaticMap-v1.md","1076226"
"research\source\mods-drive\Architect_Mod\Code_History\CODE-0037-working\architect_toolkit\temp_zip_extract\architect_toolkit\docs\research\SelectionPreviewAuthorityConvergence-StaticMap-v1.md","1076226"
"research\source\mods-drive\Architect_Mod\Code_History\CODE-0037-working\architect_toolkit\temp_zip_extract\architect_toolkit\docs\research\SemanticActionDispatcher-StaticMap-v1.md","1076226"
"research\source\mods-drive\Architect_Mod\Code_History\CODE-0037-working\architect_toolkit\temp_zip_extract\architect_toolkit\docs\research\SemanticActionObserver-v1.md","1076226"
"research\source\mods-drive\Architect_Mod\Code_History\CODE-0037-working\architect_toolkit\temp_zip_extract\architect_toolkit\docs\research\SemanticActionObserver-v3.md","1076226"
"research\source\mods-drive\Architect_Mod\Code_History\CODE-0037-working\architect_toolkit\temp_zip_extract\architect_toolkit\docs\research\SemanticActionObserver-v4.md","1076226"
"research\source\mods-drive\Architect_Mod\Code_History\CODE-0037-working\architect_toolkit\temp_zip_extract\architect_toolkit\docs\research\SemanticActionObserver-v8.md","1076226"
"research\source\mods-drive\Architect_Mod\Code_History\CODE-0037-working\architect_toolkit\temp_zip_extract\architect_toolkit\docs\research\SinglePlacementCarrier-Audit-v1.md","1076226"
"research\source\mods-drive\Architect_Mod\Code_History\CODE-0037-working\architect_toolkit\temp_zip_extract\architect_toolkit\docs\research\SinglePlacementCarrier-v1.md","1076226"
"research\source\mods-drive\Architect_Mod\Code_History\CODE-0037-working\architect_toolkit\temp_zip_extract\architect_toolkit\docs\research\SnapCandidateSelection-StaticMap-v1.md","1076226"
"research\source\mods-drive\Architect_Mod\Code_History\CODE-0037-working\architect_toolkit\temp_zip_extract\architect_toolkit\docs\research\StructureCoordinates-1076226.md","1076226"
"research\source\mods-drive\Architect_Mod\Code_History\CODE-0037-working\architect_toolkit\temp_zip_extract\architect_toolkit\docs\research\TargetResolver-StaticMap-v1.md","1076226"
"research\source\mods-drive\Architect_Mod\Code_History\CODE-0037-working\architect_toolkit\temp_zip_extract\architect_toolkit\runtime\native\ARCHITECT_NATIVE_KNOWLEDGE.md","1076226"
"research\source\mods-drive\Architect_Mod\Code_History\CODE-0037-working\architect_toolkit\temp_zip\architect_toolkit\docs\research\BlueprintSelectionAuthority-StaticMap-v1.md","1076226"
"research\source\mods-drive\Architect_Mod\Code_History\CODE-0037-working\architect_toolkit\temp_zip\architect_toolkit\docs\research\BuildingCommitTransform-StaticMap-v1.md","1076226"
"research\source\mods-drive\Architect_Mod\Code_History\CODE-0037-working\architect_toolkit\temp_zip\architect_toolkit\docs\research\BuildingIdentityAuthority-StaticMap-v1.md","1076226"
"research\source\mods-drive\Architect_Mod\Code_History\CODE-0037-working\architect_toolkit\temp_zip\architect_toolkit\docs\research\BuildingKfcIngestion-1076226.md","1076226"
"research\source\mods-drive\Architect_Mod\Code_History\CODE-0037-working\architect_toolkit\temp_zip\architect_toolkit\docs\research\BuildingSnap-StaticMap-v1.md","1076226"
"research\source\mods-drive\Architect_Mod\Code_History\CODE-0037-working\architect_toolkit\temp_zip\architect_toolkit\docs\research\CameraFOV-CODE-0032-LiveResourceDiscovery.md","1076226"
"research\source\mods-drive\Architect_Mod\Code_History\CODE-0037-working\architect_toolkit\temp_zip\architect_toolkit\docs\research\ClientPlayerInput-StaticMap-v1.md","1076226"
"research\source\mods-drive\Architect_Mod\Code_History\CODE-0037-working\architect_toolkit\temp_zip\architect_toolkit\docs\research\CODE-0032-First-Live-Cheat-Sprint.md","1076226"
"research\source\mods-drive\Architect_Mod\Code_History\CODE-0037-working\architect_toolkit\temp_zip\architect_toolkit\docs\research\CODE-0033-Movement-Stamina-Correlation.md","1076226"
"research\source\mods-drive\Architect_Mod\Code_History\CODE-0037-working\architect_toolkit\temp_zip\architect_toolkit\docs\research\CreateBuildingItem-StaticMap-v1.md","1076226"
"research\source\mods-drive\Architect_Mod\Code_History\CODE-0037-working\architect_toolkit\temp_zip\architect_toolkit\docs\research\CreateBuildingItemDispatch-StaticMap-v1.md","1076226"
"research\source\mods-drive\Architect_Mod\Code_History\CODE-0037-working\architect_toolkit\temp_zip\architect_toolkit\docs\research\GameSettings-CODE-0023-Static.md","1076226"
"research\source\mods-drive\Architect_Mod\Code_History\CODE-0037-working\architect_toolkit\temp_zip\architect_toolkit\docs\research\GameSettings-CODE-0024-Dispatch-Readback.md","1076226"
"research\source\mods-drive\Architect_Mod\Code_History\CODE-0037-working\architect_toolkit\temp_zip\architect_toolkit\docs\research\GameSettings-CODE-0025-DataFlow.md","1076226"
"research\source\mods-drive\Architect_Mod\Code_History\CODE-0037-working\architect_toolkit\temp_zip\architect_toolkit\docs\research\GameSettings-CODE-0026-DescriptorCallbacks.md","1076226"
"research\source\mods-drive\Architect_Mod\Code_History\CODE-0037-working\architect_toolkit\temp_zip\architect_toolkit\docs\research\InventoryTransfer-StaticMap-v1.md","1076226"
"research\source\mods-drive\Architect_Mod\Code_History\CODE-0037-working\architect_toolkit\temp_zip\architect_toolkit\docs\research\OwnerRootedContainerFamily-StaticMap-v1.md","1076226"
"research\source\mods-drive\Architect_Mod\Code_History\CODE-0037-working\architect_toolkit\temp_zip\architect_toolkit\docs\research\OwnerRootedSlotDispatch-StaticMap-v1.md","1076226"
"research\source\mods-drive\Architect_Mod\Code_History\CODE-0037-working\architect_toolkit\temp_zip\architect_toolkit\docs\research\ParentCallRelayDownstreamCorrelation-Design-v1.md","1076226"
"research\source\mods-drive\Architect_Mod\Code_History\CODE-0037-working\architect_toolkit\temp_zip\architect_toolkit\docs\research\PlacementBlueprintAuthority-StaticMap-v1.md","1076226"
"research\source\mods-drive\Architect_Mod\Code_History\CODE-0037-working\architect_toolkit\temp_zip\architect_toolkit\docs\research\PlacementComputedDestinationArithmetic-StaticMap-v1.md","1076226"
"research\source\mods-drive\Architect_Mod\Code_History\CODE-0037-working\architect_toolkit\temp_zip\architect_toolkit\docs\research\PlacementFrameInputProvenance-StaticMap-v1.md","1076226"
"research\source\mods-drive\Architect_Mod\Code_History\CODE-0037-working\architect_toolkit\temp_zip\architect_toolkit\docs\research\PlacementHelperBufferFieldProvenance-StaticMap-v1.md","1076226"
"research\source\mods-drive\Architect_Mod\Code_History\CODE-0037-working\architect_toolkit\temp_zip\architect_toolkit\docs\research\PlacementHelperObserverSiteQualification-StaticMap-v1.md","1076226"
"research\source\mods-drive\Architect_Mod\Code_History\CODE-0037-working\architect_toolkit\temp_zip\architect_toolkit\docs\research\PlayerDiscovery-CODE-0022B-Static.md","1076226"
"research\source\mods-drive\Architect_Mod\Code_History\CODE-0037-working\architect_toolkit\temp_zip\architect_toolkit\docs\research\PlayerObserver-CODE-0021.md","1076226"
"research\source\mods-drive\Architect_Mod\Code_History\CODE-0037-working\architect_toolkit\temp_zip\architect_toolkit\docs\research\PreviewWriteDestinationOwner-StaticMap-v1.md","1076226"
"research\source\mods-drive\Architect_Mod\Code_History\CODE-0037-working\architect_toolkit\temp_zip\architect_toolkit\docs\research\SelectionPreviewAuthorityConvergence-StaticMap-v1.md","1076226"
"research\source\mods-drive\Architect_Mod\Code_History\CODE-0037-working\architect_toolkit\temp_zip\architect_toolkit\docs\research\SemanticActionDispatcher-StaticMap-v1.md","1076226"
"research\source\mods-drive\Architect_Mod\Code_History\CODE-0037-working\architect_toolkit\temp_zip\architect_toolkit\docs\research\SemanticActionObserver-v1.md","1076226"
"research\source\mods-drive\Architect_Mod\Code_History\CODE-0037-working\architect_toolkit\temp_zip\architect_toolkit\docs\research\SemanticActionObserver-v3.md","1076226"
"research\source\mods-drive\Architect_Mod\Code_History\CODE-0037-working\architect_toolkit\temp_zip\architect_toolkit\docs\research\SemanticActionObserver-v4.md","1076226"
"research\source\mods-drive\Architect_Mod\Code_History\CODE-0037-working\architect_toolkit\temp_zip\architect_toolkit\docs\research\SemanticActionObserver-v8.md","1076226"
"research\source\mods-drive\Architect_Mod\Code_History\CODE-0037-working\architect_toolkit\temp_zip\architect_toolkit\docs\research\SinglePlacementCarrier-Audit-v1.md","1076226"
"research\source\mods-drive\Architect_Mod\Code_History\CODE-0037-working\architect_toolkit\temp_zip\architect_toolkit\docs\research\SinglePlacementCarrier-v1.md","1076226"
"research\source\mods-drive\Architect_Mod\Code_History\CODE-0037-working\architect_toolkit\temp_zip\architect_toolkit\docs\research\SnapCandidateSelection-StaticMap-v1.md","1076226"
"research\source\mods-drive\Architect_Mod\Code_History\CODE-0037-working\architect_toolkit\temp_zip\architect_toolkit\docs\research\StructureCoordinates-1076226.md","1076226"
"research\source\mods-drive\Architect_Mod\Code_History\CODE-0037-working\architect_toolkit\temp_zip\architect_toolkit\docs\research\TargetResolver-StaticMap-v1.md","1076226"
"research\source\mods-drive\Architect_Mod\Code_History\CODE-0037-working\architect_toolkit\temp_zip\architect_toolkit\runtime\native\ARCHITECT_NATIVE_KNOWLEDGE.md","1076226"
"research\source\mods-drive\Architect_Mod\Code_History\CODE-0037-working\architect_toolkit\temp_zip\architect_toolkit\temp_zip_extract\architect_toolkit\docs\research\BlueprintSelectionAuthority-StaticMap-v1.md","1076226"
"research\source\mods-drive\Architect_Mod\Code_History\CODE-0037-working\architect_toolkit\temp_zip\architect_toolkit\temp_zip_extract\architect_toolkit\docs\research\BuildingCommitTransform-StaticMap-v1.md","1076226"
"research\source\mods-drive\Architect_Mod\Code_History\CODE-0037-working\architect_toolkit\temp_zip\architect_toolkit\temp_zip_extract\architect_toolkit\docs\research\BuildingIdentityAuthority-StaticMap-v1.md","1076226"
"research\source\mods-drive\Architect_Mod\Code_History\CODE-0037-working\architect_toolkit\temp_zip\architect_toolkit\temp_zip_extract\architect_toolkit\docs\research\BuildingKfcIngestion-1076226.md","1076226"
"research\source\mods-drive\Architect_Mod\Code_History\CODE-0037-working\architect_toolkit\temp_zip\architect_toolkit\temp_zip_extract\architect_toolkit\docs\research\BuildingSnap-StaticMap-v1.md","1076226"
"research\source\mods-drive\Architect_Mod\Code_History\CODE-0037-working\architect_toolkit\temp_zip\architect_toolkit\temp_zip_extract\architect_toolkit\docs\research\CameraFOV-CODE-0032-LiveResourceDiscovery.md","1076226"
"research\source\mods-drive\Architect_Mod\Code_History\CODE-0037-working\architect_toolkit\temp_zip\architect_toolkit\temp_zip_extract\architect_toolkit\docs\research\ClientPlayerInput-StaticMap-v1.md","1076226"
"research\source\mods-drive\Architect_Mod\Code_History\CODE-0037-working\architect_toolkit\temp_zip\architect_toolkit\temp_zip_extract\architect_toolkit\docs\research\CODE-0032-First-Live-Cheat-Sprint.md","1076226"
"research\source\mods-drive\Architect_Mod\Code_History\CODE-0037-working\architect_toolkit\temp_zip\architect_toolkit\temp_zip_extract\architect_toolkit\docs\research\CODE-0033-Movement-Stamina-Correlation.md","1076226"
"research\source\mods-drive\Architect_Mod\Code_History\CODE-0037-working\architect_toolkit\temp_zip\architect_toolkit\temp_zip_extract\architect_toolkit\docs\research\CreateBuildingItem-StaticMap-v1.md","1076226"
"research\source\mods-drive\Architect_Mod\Code_History\CODE-0037-working\architect_toolkit\temp_zip\architect_toolkit\temp_zip_extract\architect_toolkit\docs\research\CreateBuildingItemDispatch-StaticMap-v1.md","1076226"
"research\source\mods-drive\Architect_Mod\Code_History\CODE-0037-working\architect_toolkit\temp_zip\architect_toolkit\temp_zip_extract\architect_toolkit\docs\research\GameSettings-CODE-0023-Static.md","1076226"
"research\source\mods-drive\Architect_Mod\Code_History\CODE-0037-working\architect_toolkit\temp_zip\architect_toolkit\temp_zip_extract\architect_toolkit\docs\research\GameSettings-CODE-0024-Dispatch-Readback.md","1076226"
"research\source\mods-drive\Architect_Mod\Code_History\CODE-0037-working\architect_toolkit\temp_zip\architect_toolkit\temp_zip_extract\architect_toolkit\docs\research\GameSettings-CODE-0025-DataFlow.md","1076226"
"research\source\mods-drive\Architect_Mod\Code_History\CODE-0037-working\architect_toolkit\temp_zip\architect_toolkit\temp_zip_extract\architect_toolkit\docs\research\GameSettings-CODE-0026-DescriptorCallbacks.md","1076226"
"research\source\mods-drive\Architect_Mod\Code_History\CODE-0037-working\architect_toolkit\temp_zip\architect_toolkit\temp_zip_extract\architect_toolkit\docs\research\InventoryTransfer-StaticMap-v1.md","1076226"
"research\source\mods-drive\Architect_Mod\Code_History\CODE-0037-working\architect_toolkit\temp_zip\architect_toolkit\temp_zip_extract\architect_toolkit\docs\research\OwnerRootedContainerFamily-StaticMap-v1.md","1076226"
"research\source\mods-drive\Architect_Mod\Code_History\CODE-0037-working\architect_toolkit\temp_zip\architect_toolkit\temp_zip_extract\architect_toolkit\docs\research\OwnerRootedSlotDispatch-StaticMap-v1.md","1076226"
"research\source\mods-drive\Architect_Mod\Code_History\CODE-0037-working\architect_toolkit\temp_zip\architect_toolkit\temp_zip_extract\architect_toolkit\docs\research\ParentCallRelayDownstreamCorrelation-Design-v1.md","1076226"
"research\source\mods-drive\Architect_Mod\Code_History\CODE-0037-working\architect_toolkit\temp_zip\architect_toolkit\temp_zip_extract\architect_toolkit\docs\research\PlacementBlueprintAuthority-StaticMap-v1.md","1076226"
"research\source\mods-drive\Architect_Mod\Code_History\CODE-0037-working\architect_toolkit\temp_zip\architect_toolkit\temp_zip_extract\architect_toolkit\docs\research\PlacementComputedDestinationArithmetic-StaticMap-v1.md","1076226"
"research\source\mods-drive\Architect_Mod\Code_History\CODE-0037-working\architect_toolkit\temp_zip\architect_toolkit\temp_zip_extract\architect_toolkit\docs\research\PlacementFrameInputProvenance-StaticMap-v1.md","1076226"
"research\source\mods-drive\Architect_Mod\Code_History\CODE-0037-working\architect_toolkit\temp_zip\architect_toolkit\temp_zip_extract\architect_toolkit\docs\research\PlacementHelperBufferFieldProvenance-StaticMap-v1.md","1076226"
"research\source\mods-drive\Architect_Mod\Code_History\CODE-0037-working\architect_toolkit\temp_zip\architect_toolkit\temp_zip_extract\architect_toolkit\docs\research\PlacementHelperObserverSiteQualification-StaticMap-v1.md","1076226"
"research\source\mods-drive\Architect_Mod\Code_History\CODE-0037-working\architect_toolkit\temp_zip\architect_toolkit\temp_zip_extract\architect_toolkit\docs\research\PlayerDiscovery-CODE-0022B-Static.md","1076226"
"research\source\mods-drive\Architect_Mod\Code_History\CODE-0037-working\architect_toolkit\temp_zip\architect_toolkit\temp_zip_extract\architect_toolkit\docs\research\PlayerObserver-CODE-0021.md","1076226"
"research\source\mods-drive\Architect_Mod\Code_History\CODE-0037-working\architect_toolkit\temp_zip\architect_toolkit\temp_zip_extract\architect_toolkit\docs\research\PreviewWriteDestinationOwner-StaticMap-v1.md","1076226"
"research\source\mods-drive\Architect_Mod\Code_History\CODE-0037-working\architect_toolkit\temp_zip\architect_toolkit\temp_zip_extract\architect_toolkit\docs\research\SelectionPreviewAuthorityConvergence-StaticMap-v1.md","1076226"
"research\source\mods-drive\Architect_Mod\Code_History\CODE-0037-working\architect_toolkit\temp_zip\architect_toolkit\temp_zip_extract\architect_toolkit\docs\research\SemanticActionDispatcher-StaticMap-v1.md","1076226"
"research\source\mods-drive\Architect_Mod\Code_History\CODE-0037-working\architect_toolkit\temp_zip\architect_toolkit\temp_zip_extract\architect_toolkit\docs\research\SemanticActionObserver-v1.md","1076226"
"research\source\mods-drive\Architect_Mod\Code_History\CODE-0037-working\architect_toolkit\temp_zip\architect_toolkit\temp_zip_extract\architect_toolkit\docs\research\SemanticActionObserver-v3.md","1076226"
"research\source\mods-drive\Architect_Mod\Code_History\CODE-0037-working\architect_toolkit\temp_zip\architect_toolkit\temp_zip_extract\architect_toolkit\docs\research\SemanticActionObserver-v4.md","1076226"
"research\source\mods-drive\Architect_Mod\Code_History\CODE-0037-working\architect_toolkit\temp_zip\architect_toolkit\temp_zip_extract\architect_toolkit\docs\research\SemanticActionObserver-v8.md","1076226"
"research\source\mods-drive\Architect_Mod\Code_History\CODE-0037-working\architect_toolkit\temp_zip\architect_toolkit\temp_zip_extract\architect_toolkit\docs\research\SinglePlacementCarrier-Audit-v1.md","1076226"
"research\source\mods-drive\Architect_Mod\Code_History\CODE-0037-working\architect_toolkit\temp_zip\architect_toolkit\temp_zip_extract\architect_toolkit\docs\research\SinglePlacementCarrier-v1.md","1076226"
"research\source\mods-drive\Architect_Mod\Code_History\CODE-0037-working\architect_toolkit\temp_zip\architect_toolkit\temp_zip_extract\architect_toolkit\docs\research\SnapCandidateSelection-StaticMap-v1.md","1076226"
"research\source\mods-drive\Architect_Mod\Code_History\CODE-0037-working\architect_toolkit\temp_zip\architect_toolkit\temp_zip_extract\architect_toolkit\docs\research\StructureCoordinates-1076226.md","1076226"
"research\source\mods-drive\Architect_Mod\Code_History\CODE-0037-working\architect_toolkit\temp_zip\architect_toolkit\temp_zip_extract\architect_toolkit\docs\research\TargetResolver-StaticMap-v1.md","1076226"
"research\source\mods-drive\Architect_Mod\Code_History\CODE-0037-working\architect_toolkit\temp_zip\architect_toolkit\temp_zip_extract\architect_toolkit\runtime\native\ARCHITECT_NATIVE_KNOWLEDGE.md","1076226"
"research\source\mods-drive\Architect_Mod\Code_History\CODE-0042G1F1C\CODE-0042G1F1C_AUDIT.md","1076226"
"research\source\mods-drive\Architect_Mod\Code_History\CODE-0043G6A\CODE-0043G6A_GOAL_AUDIT.md","1076226"
"research\source\mods-drive\Architect_Mod\Code_History\CODE-0044A\candidate\docs\research\BlueprintSelectionAuthority-StaticMap-v1.md","1076226"
"research\source\mods-drive\Architect_Mod\Code_History\CODE-0044A\candidate\docs\research\BuildingCommitTransform-StaticMap-v1.md","1076226"
"research\source\mods-drive\Architect_Mod\Code_History\CODE-0044A\candidate\docs\research\BuildingIdentityAuthority-StaticMap-v1.md","1076226"
"research\source\mods-drive\Architect_Mod\Code_History\CODE-0044A\candidate\docs\research\BuildingKfcIngestion-1076226.md","1076226"
"research\source\mods-drive\Architect_Mod\Code_History\CODE-0044A\candidate\docs\research\BuildingSnap-StaticMap-v1.md","1076226"
"research\source\mods-drive\Architect_Mod\Code_History\CODE-0044A\candidate\docs\research\CameraFOV-CODE-0032-LiveResourceDiscovery.md","1076226"
"research\source\mods-drive\Architect_Mod\Code_History\CODE-0044A\candidate\docs\research\ClientPlayerInput-StaticMap-v1.md","1076226"
"research\source\mods-drive\Architect_Mod\Code_History\CODE-0044A\candidate\docs\research\CODE-0032-First-Live-Cheat-Sprint.md","1076226"
"research\source\mods-drive\Architect_Mod\Code_History\CODE-0044A\candidate\docs\research\CODE-0033-Movement-Stamina-Correlation.md","1076226"
"research\source\mods-drive\Architect_Mod\Code_History\CODE-0044A\candidate\docs\research\CreateBuildingItem-StaticMap-v1.md","1076226"
"research\source\mods-drive\Architect_Mod\Code_History\CODE-0044A\candidate\docs\research\CreateBuildingItemDispatch-StaticMap-v1.md","1076226"
"research\source\mods-drive\Architect_Mod\Code_History\CODE-0044A\candidate\docs\research\GameSettings-CODE-0023-Static.md","1076226"
"research\source\mods-drive\Architect_Mod\Code_History\CODE-0044A\candidate\docs\research\GameSettings-CODE-0024-Dispatch-Readback.md","1076226"
"research\source\mods-drive\Architect_Mod\Code_History\CODE-0044A\candidate\docs\research\GameSettings-CODE-0025-DataFlow.md","1076226"
"research\source\mods-drive\Architect_Mod\Code_History\CODE-0044A\candidate\docs\research\GameSettings-CODE-0026-DescriptorCallbacks.md","1076226"
"research\source\mods-drive\Architect_Mod\Code_History\CODE-0044A\candidate\docs\research\InventoryTransfer-StaticMap-v1.md","1076226"
"research\source\mods-drive\Architect_Mod\Code_History\CODE-0044A\candidate\docs\research\OwnerRootedContainerFamily-StaticMap-v1.md","1076226"
"research\source\mods-drive\Architect_Mod\Code_History\CODE-0044A\candidate\docs\research\OwnerRootedSlotDispatch-StaticMap-v1.md","1076226"
"research\source\mods-drive\Architect_Mod\Code_History\CODE-0044A\candidate\docs\research\ParentCallRelayDownstreamCorrelation-Design-v1.md","1076226"
"research\source\mods-drive\Architect_Mod\Code_History\CODE-0044A\candidate\docs\research\PlacementBlueprintAuthority-StaticMap-v1.md","1076226"
"research\source\mods-drive\Architect_Mod\Code_History\CODE-0044A\candidate\docs\research\PlacementComputedDestinationArithmetic-StaticMap-v1.md","1076226"
"research\source\mods-drive\Architect_Mod\Code_History\CODE-0044A\candidate\docs\research\PlacementFrameInputProvenance-StaticMap-v1.md","1076226"
"research\source\mods-drive\Architect_Mod\Code_History\CODE-0044A\candidate\docs\research\PlacementHelperBufferFieldProvenance-StaticMap-v1.md","1076226"
"research\source\mods-drive\Architect_Mod\Code_History\CODE-0044A\candidate\docs\research\PlacementHelperObserverSiteQualification-StaticMap-v1.md","1076226"
"research\source\mods-drive\Architect_Mod\Code_History\CODE-0044A\candidate\docs\research\PlayerDiscovery-CODE-0022B-Static.md","1076226"
"research\source\mods-drive\Architect_Mod\Code_History\CODE-0044A\candidate\docs\research\PlayerObserver-CODE-0021.md","1076226"
"research\source\mods-drive\Architect_Mod\Code_History\CODE-0044A\candidate\docs\research\PreviewWriteDestinationOwner-StaticMap-v1.md","1076226"
"research\source\mods-drive\Architect_Mod\Code_History\CODE-0044A\candidate\docs\research\SelectionPreviewAuthorityConvergence-StaticMap-v1.md","1076226"
"research\source\mods-drive\Architect_Mod\Code_History\CODE-0044A\candidate\docs\research\SemanticActionDispatcher-StaticMap-v1.md","1076226"
"research\source\mods-drive\Architect_Mod\Code_History\CODE-0044A\candidate\docs\research\SemanticActionObserver-v1.md","1076226"
"research\source\mods-drive\Architect_Mod\Code_History\CODE-0044A\candidate\docs\research\SemanticActionObserver-v3.md","1076226"
"research\source\mods-drive\Architect_Mod\Code_History\CODE-0044A\candidate\docs\research\SemanticActionObserver-v4.md","1076226"
"research\source\mods-drive\Architect_Mod\Code_History\CODE-0044A\candidate\docs\research\SemanticActionObserver-v8.md","1076226"
"research\source\mods-drive\Architect_Mod\Code_History\CODE-0044A\candidate\docs\research\SinglePlacementCarrier-Audit-v1.md","1076226"
"research\source\mods-drive\Architect_Mod\Code_History\CODE-0044A\candidate\docs\research\SinglePlacementCarrier-v1.md","1076226"
"research\source\mods-drive\Architect_Mod\Code_History\CODE-0044A\candidate\docs\research\SnapCandidateSelection-StaticMap-v1.md","1076226"
"research\source\mods-drive\Architect_Mod\Code_History\CODE-0044A\candidate\docs\research\StructureCoordinates-1076226.md","1076226"
"research\source\mods-drive\Architect_Mod\Code_History\CODE-0044A\candidate\docs\research\TargetResolver-StaticMap-v1.md","1076226"
"research\source\mods-drive\Architect_Mod\Code_History\CODE-0044A\candidate\runtime\native\ARCHITECT_NATIVE_KNOWLEDGE.md","1076226"
"research\source\mods-drive\Architect_Mod\Research\Building\BuildingCommitTransform-StaticMap-v1.md","1076226"
"research\source\mods-drive\Architect_Mod\Research\Building\BuildingKfcIngestion-1076226.md","1076226"
"research\source\mods-drive\Architect_Mod\Research\Building\BuildingSnap-StaticMap-v1.md","1076226"
"research\source\mods-drive\Architect_Mod\Research\Building\CreateBuildingItem-StaticMap-v1.md","1076226"
"research\source\mods-drive\Architect_Mod\Research\Building\PlacementBlueprintAuthority-StaticMap-v1.md","1076226"
"research\source\mods-drive\Architect_Mod\Research\Building\SemanticBuildingCatalog-v1.md","1076226"
"research\source\mods-drive\Architect_Mod\Research\Building\SinglePlacementCarrier-Audit-v1.md","1076226"
"research\source\mods-drive\Architect_Mod\Research\Building\SinglePlacementCarrier-v1.md","1076226"
"research\source\mods-drive\Architect_Mod\Research\Building\SnapCandidateSelection-StaticMap-v1.md","1076226"
"research\source\mods-drive\Architect_Mod\Research\Building\StructureCoordinates-1076226.md","1076226"
"research\source\mods-drive\Architect_Mod\Research\Building\StructureRecorder-v1.md","1076226"
"research\source\mods-drive\Architect_Mod\Research\Core\ARCHITECT_NATIVE_KNOWLEDGE.md","1076226"
"research\source\mods-drive\Architect_Mod\Research\F7-Admin-Program-Plan-2026-09-17.md","1076226"
"research\source\mods-drive\Architect_Mod\Research\INC-0060_External_Cheat_Mod_Deep_Dive\INC-0060_External_Cheat_Mod_Deep_Dive.md","1076226"
"research\source\mods-drive\Architect_Mod\Research\KFC_Deep_Dive_1076226.md","1076226"
"research\source\mods-drive\Control_Center_Next\knowledge\guides\RESEARCH_PROBE_GUIDE.md","1076226"
"research\source\mods-drive\Control_Center\docs\RESEARCH_PROBE_GUIDE.md","1076226"
"research\source\mods-drive\Control_Center\docs\RETROFIT_COMPLETION_AUDIT_20260926.md","1076226"
"research\source\mods-drive\Control_Center\research\AI_ATTACK_DEPENDENCY_MAPPING_20260928.md","1076226"
"research\source\mods-drive\Control_Center\research\AI_DONOR_CLONE_PLAN_20260928.md","1076226"
"research\source\mods-drive\Control_Center\research\ANIMATION_WORLD_RUNTIME_BOUNDARY_20260928.md","1076226"
"research\source\mods-drive\Control_Center\research\ASSET_PUBLICATION_FINDINGS_1076226.md","1076226"
"research\source\mods-drive\Control_Center\research\CAPABILITY_LIMITATIONS_REPORT_20260927.md","1076226"
"research\source\mods-drive\Control_Center\research\CATALOG_PREVIEW_BOUNDARY_20260928.md","1076226"
"research\source\mods-drive\Control_Center\research\CATALOG_PREVIEW_IMAGE_ONLY_EVIDENCE_20260929.md","1076226"
"research\source\mods-drive\Control_Center\research\CATALOG_PREVIEW_MODEL_SCENE_ONLY_EVIDENCE_20260929.md","1076226"
"research\source\mods-drive\Control_Center\research\CATALOG_PREVIEW_RENDER_CONTROLS_EVIDENCE_20260929.md","1076226"
"research\source\mods-drive\Control_Center\research\content_clone_candidates\README.md","1076226"
"research\source\mods-drive\Control_Center\research\CUSTOM_ICON_IMPORT_EVIDENCE_20260927.md","1076226"
"research\source\mods-drive\Control_Center\research\EML_API_VERSION_RUNTIME_VERIFICATION_20260928.md","1076226"
"research\source\mods-drive\Control_Center\research\EML_MAPPED_VARIANT_BOUNDARY_20260928.md","1076226"
"research\source\mods-drive\Control_Center\research\EML_MAPPED_VARIANT_PAIRS_UPGRADE_20260928.md","1076226"
"research\source\mods-drive\Control_Center\research\EML_TEXTURE_MUTATION_API_BOUNDARY_20260929.md","1076226"
"research\source\mods-drive\Control_Center\research\EML_Tuning_Control_Audit_2026-09-25.md","1076226"
"research\source\mods-drive\Control_Center\research\ENSHROUDED_CONTENT_LOADER_DETAILED_SUMMARY_20260926.md","1076226"
"research\source\mods-drive\Control_Center\research\EVIDENCE_INDEX_20260927.md","1076226"
"research\source\mods-drive\Control_Center\research\FBUIBUNDLE_PREVIEW_CANDIDATES_20260928.md","1076226"
"research\source\mods-drive\Control_Center\research\GAMEPLAY_SCHEMA_INVENTORY_1076226.md","1076226"
"research\source\mods-drive\Control_Center\research\INTERACTION_DONOR_SEARCH_20260928.md","1076226"
"research\source\mods-drive\Control_Center\research\INTERACTION_SCHEMA_INVENTORY_20260928.md","1076226"
"research\source\mods-drive\Control_Center\research\ITEM_COLOR_COMBINATION_PACKED_EVIDENCE_20260929.md","1076226"
"research\source\mods-drive\Control_Center\research\ITEM_COLOR_COMBINATION_PROBE_20260929.md","1076226"
"research\source\mods-drive\Control_Center\research\ITEM_VISUAL_REFERENCE_LIVE_BOUNDARY_20260927.md","1076226"
"research\source\mods-drive\Control_Center\research\ITEMINFO_COLOR_RUNTIME_BOUNDARY_20260929.md","1076226"
"research\source\mods-drive\Control_Center\research\ITEMINFO_MATERIAL_RUNTIME_BOUNDARY_20260929.md","1076226"
"research\source\mods-drive\Control_Center\research\KFC_EXTERNAL_CONTENT_ROUTE_1076226.md","1076226"
"research\source\mods-drive\Control_Center\research\KFC_RUNTIME_REGISTRATION_LOADER_1076226.md","1076226"
"research\source\mods-drive\Control_Center\research\KFC_Tuning_Field_Inventory_1076226.md","1076226"
"research\source\mods-drive\Control_Center\research\LOCALIZATION_COMBINED_BED_LIVE_SMOKE_20260927.md","1076226"
"research\source\mods-drive\Control_Center\research\LOCALIZATION_ITEM_TRANSITION_EVIDENCE_20260928.md","1076226"
"research\source\mods-drive\Control_Center\research\LOCALIZATION_RUNTIME_ROUTE_20260926.md","1076226"
"research\source\mods-drive\Control_Center\research\LOCALIZATION_TAG_ONLY_LIVE_SMOKE_20260927.md","1076226"
"research\source\mods-drive\Control_Center\research\LOCALIZATION_UI_VALIDATION_20260926.md","1076226"
"research\source\mods-drive\Control_Center\research\LOCALIZATION_UI_VALIDATION_RUNBOOK_20260927.md","1076226"
"research\source\mods-drive\Control_Center\research\MATERIAL_TEXTURE_ASSIGNMENT_BOUNDARY_20260929.md","1076226"
"research\source\mods-drive\Control_Center\research\MILESTONE_2_PLATFORM_PROGRESS_20260927.md","1076226"
"research\source\mods-drive\Control_Center\research\ORIGINAL_ASSET_IMPORT_BOUNDARY_20260928.md","1076226"
"research\source\mods-drive\Control_Center\research\PHASE1_CAPABILITY_MATRIX_20260927.md","1076226"
"research\source\mods-drive\Control_Center\research\PHASED_PLATFORM_ROADMAP_20260927.md","1076226"
"research\source\mods-drive\Control_Center\research\probe_sessions\visual_substitution_catalog_preview_session_20260928.md","1076226"
"research\source\mods-drive\Control_Center\research\PROJECT_COMPLETION_AUDIT_20260928.md","1076226"
"research\source\mods-drive\Control_Center\research\PROJECT_PROGRESS_SNAPSHOT_20260928.md","1076226"
"research\source\mods-drive\Control_Center\research\QUEST_SCHEMA_INVENTORY_20260928.md","1076226"
"research\source\mods-drive\Control_Center\research\R36_FbUiBundle_STRUCTURE_VERDICT_20260929.md","1076226"
"research\source\mods-drive\Control_Center\research\REGISTERED_VISUAL_SUBSTITUTION_LIVE_SMOKE_20260927.md","1076226"
"research\source\mods-drive\Control_Center\research\RENDERMODEL_EXTERNAL_PUBLICATION_EVIDENCE_20260929.md","1076226"
"research\source\mods-drive\Control_Center\research\RESOURCE_METADATA_RUNTIME_API_BOUNDARY_20260928.md","1076226"
"research\source\mods-drive\Control_Center\research\SETTINGS_METADATA_PROBE_EVIDENCE_20260927.md","1076226"
"research\source\mods-drive\Control_Center\research\STABLE_LOADER_SMOKE_EVIDENCE_20260927_2150.md","1076226"
"research\source\mods-drive\Control_Center\research\STABLE_LOADER_SMOKE_EVIDENCE_20260927.md","1076226"
"research\source\mods-drive\Control_Center\research\STABLE_LOADER_SMOKE_EVIDENCE_20260928.md","1076226"
"research\source\mods-drive\Control_Center\research\TEMPLATE_GUID_LOOKUP_RUNTIME_BOUNDARY_20260927.md","1076226"
"research\source\mods-drive\Control_Center\research\TEMPLATE_RESOURCE_RUNTIME_LOOKUP_20260928.md","1076226"
"research\source\mods-drive\Control_Center\research\TUNING_COVERAGE_FINDINGS_20260927.md","1076226"
"research\source\mods-drive\Control_Center\research\UI_ICON_RESOURCE_SCHEMA_20260926.md","1076226"
"research\source\mods-drive\Control_Center\research\VISUAL_CANDIDATE_GENERATION_EVIDENCE_20260927.md","1076226"
"research\source\mods-drive\Control_Center\research\VISUAL_CANDIDATE_GRAPH_LIVE_SMOKE_20260927.md","1076226"
"research\source\mods-drive\Control_Center\research\VISUAL_CANDIDATE_GRAPH_PROBE_V2_20260927.md","1076226"
"research\source\mods-drive\Control_Center\research\VISUAL_SUBSTITUTION_SESSION_CHECKLIST_20260928.md","1076226"
"research\source\mods-drive\EmberVault\content\research\capability-audit-20260927.md","1076226"
"research\source\mods-drive\EmberVault\content\research\furniture-clone-registration.md","1076226"
"research\source\mods-drive\Export\Handoffs\Custom_GPT_v1.0\Static_Knowledge\03_Project_Index_Snapshot_2026-09-16.txt","1076226"
"research\source\mods-drive\Incoming\2026-09-18\INC-0016\INC-0016_deep_dive.md","1076226"
"research\source\mods-drive\Incoming\2026-09-18\INC-0018\INC-0018_ui_runtime_deep_dive.md","1076226"
"research\source\mods-drive\Incoming\2026-09-19\INC-0041\stamina_phase2_analysis_transcript.txt","1076226"
"research\source\mods-drive\Incoming\2026-09-19\INC-0042\stamina_probe_micro_audit_summary.md","1076226"
"research\source\mods-drive\Incoming\2026-09-19\INC-0042\stamina_probe_micro_audit_transcript.txt","1076226"
"research\source\mods-drive\Incoming\2026-09-19\INC-0054\INC-0054_deep_dive.md","1076226"
"research\source\mods-drive\Incoming\2026-09-20\INC-0061\EMBER_LOOT_RESEARCH.md","1076226"
"research\source\mods-drive\Incoming\2026-09-20\INC-0061\INC-0061_ANALYSIS_NOTES.md","1076226"
"research\source\mods-drive\Incoming\2026-09-20\INC-0062\INC-0062_DEEP_DIVE.md","1076226"
"research\source\research-drive\Enshrouded Mods-20260918T044156Z-1-001\Enshrouded Mods\Architect_Mod\Code_History\CODE-LEGACY-0001\MANIFEST.txt","1076226"
"research\source\research-drive\Enshrouded Mods-20260918T044156Z-1-001\Enshrouded Mods\Architect_Mod\Code_History\CODE-LEGACY-0002\MANIFEST.txt","1076226"
"research\source\research-drive\Enshrouded Mods-20260918T044156Z-1-001\Enshrouded Mods\Architect_Mod\Code_History\CODE-LEGACY-0003\MANIFEST.txt","1076226"
"research\source\research-drive\Enshrouded Mods-20260918T044156Z-1-001\Enshrouded Mods\Architect_Mod\Code_History\CODE-LEGACY-0004\MANIFEST.txt","1076226"
"research\source\research-drive\Enshrouded Mods-20260918T044156Z-1-001\Enshrouded Mods\Architect_Mod\Code_History\CODE-LEGACY-0005\MANIFEST.txt","1076226"
"research\source\research-drive\Enshrouded Mods-20260918T044156Z-1-001\Enshrouded Mods\Architect_Mod\Code_History\CODE-LEGACY-0006\MANIFEST.txt","1076226"
"research\source\research-drive\Enshrouded Mods-20260918T044156Z-1-001\Enshrouded Mods\Architect_Mod\Code_History\CODE-LEGACY-0007\MANIFEST.txt","1076226"
"research\source\research-drive\Enshrouded Mods-20260918T044156Z-1-001\Enshrouded Mods\Architect_Mod\Current\SOURCE_MANIFEST.md","1076226"
"research\source\research-drive\Enshrouded Mods-20260918T044156Z-1-001\Enshrouded Mods\Architect_Mod\Research\Building\BuildingCommitTransform-StaticMap-v1.md","1076226"
"research\source\research-drive\Enshrouded Mods-20260918T044156Z-1-001\Enshrouded Mods\Architect_Mod\Research\Building\BuildingKfcIngestion-1076226.md","1076226"
"research\source\research-drive\Enshrouded Mods-20260918T044156Z-1-001\Enshrouded Mods\Architect_Mod\Research\Building\BuildingSnap-StaticMap-v1.md","1076226"
"research\source\research-drive\Enshrouded Mods-20260918T044156Z-1-001\Enshrouded Mods\Architect_Mod\Research\Building\CreateBuildingItem-StaticMap-v1.md","1076226"
"research\source\research-drive\Enshrouded Mods-20260918T044156Z-1-001\Enshrouded Mods\Architect_Mod\Research\Building\PlacementBlueprintAuthority-StaticMap-v1.md","1076226"
"research\source\research-drive\Enshrouded Mods-20260918T044156Z-1-001\Enshrouded Mods\Architect_Mod\Research\Building\SemanticBuildingCatalog-v1.md","1076226"
"research\source\research-drive\Enshrouded Mods-20260918T044156Z-1-001\Enshrouded Mods\Architect_Mod\Research\Building\SinglePlacementCarrier-Audit-v1.md","1076226"
"research\source\research-drive\Enshrouded Mods-20260918T044156Z-1-001\Enshrouded Mods\Architect_Mod\Research\Building\SinglePlacementCarrier-v1.md","1076226"
"research\source\research-drive\Enshrouded Mods-20260918T044156Z-1-001\Enshrouded Mods\Architect_Mod\Research\Building\SnapCandidateSelection-StaticMap-v1.md","1076226"
"research\source\research-drive\Enshrouded Mods-20260918T044156Z-1-001\Enshrouded Mods\Architect_Mod\Research\Building\StructureCoordinates-1076226.md","1076226"
"research\source\research-drive\Enshrouded Mods-20260918T044156Z-1-001\Enshrouded Mods\Architect_Mod\Research\Building\StructureRecorder-v1.md","1076226"
"research\source\research-drive\Enshrouded Mods-20260918T044156Z-1-001\Enshrouded Mods\Architect_Mod\Research\Core\ARCHITECT_NATIVE_KNOWLEDGE.md","1076226"
"research\source\research-drive\Enshrouded Mods-20260918T044156Z-1-001\Enshrouded Mods\Architect_Mod\Research\F7-Admin-Program-Plan-2026-09-17.md","1076226"
"research\source\research-drive\Enshrouded Mods-20260918T044156Z-1-001\Enshrouded Mods\Export\F7_ACTION_COVERAGE_REPORT.md","1076226"
"research\source\research-drive\Enshrouded Mods-20260918T044156Z-1-001\Enshrouded Mods\Export\Handoffs\Custom_GPT_v1.0\Static_Knowledge\03_Project_Index_Snapshot_2026-09-16.txt","1076226"
"research\source\research-drive\Enshrouded Mods-20260918T044156Z-1-001\Enshrouded Mods\Export\MANIFEST_INC0013.md","1076226"
"research\source\research-drive\Enshrouded Mods-20260918T044156Z-1-001\Enshrouded Mods\Export\MANIFEST_INC0014.md","1076226"
"research\source\research-drive\Enshrouded Mods-20260918T044156Z-1-001\Enshrouded Mods\Export\MANIFEST_INC0015.md","1076226"
"research\source\research-drive\Enshrouded Mods-20260918T044156Z-1-001\Enshrouded Mods\Export\MANIFEST_INC0016.md","1076226"
"research\source\research-drive\Enshrouded Mods-20260918T044156Z-1-001\Enshrouded Mods\Export\Reports\F7_ACTION_COVERAGE_REPORT.md","1076226"
"research\source\research-drive\Enshrouded Mods-20260918T044156Z-1-001\Enshrouded Mods\Export\Test_Builds\MANIFEST_INC0016.md","1076226"
"research\source\research-drive\Enshrouded Mods-20260918T044156Z-1-001\Enshrouded Mods\Incoming\2026-09-15\INC-0001\INTAKE_MANIFEST.md","1076226"
"tools\source\mods-drive\Architect_Mod\Code_History\CODE-0037-working\architect_toolkit\docs\architecture\Architect-Engineering-State-1076226.md","1076226"
"tools\source\mods-drive\Architect_Mod\Code_History\CODE-0037-working\architect_toolkit\docs\features\SemanticBuildingCatalog-v1.md","1076226"
"tools\source\mods-drive\Architect_Mod\Code_History\CODE-0037-working\architect_toolkit\docs\features\StructureRecorder-v1.md","1076226"
"tools\source\mods-drive\Architect_Mod\Code_History\CODE-0037-working\architect_toolkit\docs\tools\ArchitectDataIndex.md","1076226"
"tools\source\mods-drive\Architect_Mod\Code_History\CODE-0037-working\architect_toolkit\temp_verify\architect_toolkit\temp_inspect\architect_toolkit\temp_zip_extract\architect_toolkit\docs\architecture\Architect-Engineering-State-1076226.md","1076226"
"tools\source\mods-drive\Architect_Mod\Code_History\CODE-0037-working\architect_toolkit\temp_verify\architect_toolkit\temp_inspect\architect_toolkit\temp_zip_extract\architect_toolkit\docs\features\SemanticBuildingCatalog-v1.md","1076226"
"tools\source\mods-drive\Architect_Mod\Code_History\CODE-0037-working\architect_toolkit\temp_verify\architect_toolkit\temp_inspect\architect_toolkit\temp_zip_extract\architect_toolkit\docs\features\StructureRecorder-v1.md","1076226"
"tools\source\mods-drive\Architect_Mod\Code_History\CODE-0037-working\architect_toolkit\temp_verify\architect_toolkit\temp_inspect\architect_toolkit\temp_zip_extract\architect_toolkit\docs\tools\ArchitectDataIndex.md","1076226"
"tools\source\mods-drive\Architect_Mod\Code_History\CODE-0037-working\architect_toolkit\temp_zip_extract\architect_toolkit\docs\architecture\Architect-Engineering-State-1076226.md","1076226"
"tools\source\mods-drive\Architect_Mod\Code_History\CODE-0037-working\architect_toolkit\temp_zip_extract\architect_toolkit\docs\features\SemanticBuildingCatalog-v1.md","1076226"
"tools\source\mods-drive\Architect_Mod\Code_History\CODE-0037-working\architect_toolkit\temp_zip_extract\architect_toolkit\docs\features\StructureRecorder-v1.md","1076226"
"tools\source\mods-drive\Architect_Mod\Code_History\CODE-0037-working\architect_toolkit\temp_zip_extract\architect_toolkit\docs\tools\ArchitectDataIndex.md","1076226"
"tools\source\mods-drive\Architect_Mod\Code_History\CODE-0037-working\architect_toolkit\temp_zip\architect_toolkit\docs\architecture\Architect-Engineering-State-1076226.md","1076226"
"tools\source\mods-drive\Architect_Mod\Code_History\CODE-0037-working\architect_toolkit\temp_zip\architect_toolkit\docs\features\SemanticBuildingCatalog-v1.md","1076226"
"tools\source\mods-drive\Architect_Mod\Code_History\CODE-0037-working\architect_toolkit\temp_zip\architect_toolkit\docs\features\StructureRecorder-v1.md","1076226"
"tools\source\mods-drive\Architect_Mod\Code_History\CODE-0037-working\architect_toolkit\temp_zip\architect_toolkit\docs\tools\ArchitectDataIndex.md","1076226"
"tools\source\mods-drive\Architect_Mod\Code_History\CODE-0037-working\architect_toolkit\temp_zip\architect_toolkit\temp_zip_extract\architect_toolkit\docs\architecture\Architect-Engineering-State-1076226.md","1076226"
"tools\source\mods-drive\Architect_Mod\Code_History\CODE-0037-working\architect_toolkit\temp_zip\architect_toolkit\temp_zip_extract\architect_toolkit\docs\features\SemanticBuildingCatalog-v1.md","1076226"
"tools\source\mods-drive\Architect_Mod\Code_History\CODE-0037-working\architect_toolkit\temp_zip\architect_toolkit\temp_zip_extract\architect_toolkit\docs\features\StructureRecorder-v1.md","1076226"
"tools\source\mods-drive\Architect_Mod\Code_History\CODE-0037-working\architect_toolkit\temp_zip\architect_toolkit\temp_zip_extract\architect_toolkit\docs\tools\ArchitectDataIndex.md","1076226"
"tools\source\mods-drive\Architect_Mod\Code_History\CODE-0044A\candidate\docs\tools\ArchitectDataIndex.md","1076226"
"implementations\source\mods-drive\Incoming\2026-09-25\INC-0068\FeatherMourn_Item_Selector_Full_Catalog.txt","27845"
"implementations\source\mods-drive\Incoming\2026-09-25\INC-0068\FeatherMourn_Item_Selector_Full_Catalog.txt","3268447"
"implementations\source\mods-drive\Incoming\2026-09-25\INC-0068\FeatherMourn_Item_Selector_Full_Catalog.txt","4880"
"implementations\source\mods-drive\Incoming\2026-09-25\INC-0068\FeatherMourn_Item_Selector_Full_Catalog.txt","54132"
"implementations\source\mods-drive\Incoming\2026-09-25\INC-0068\FeatherMourn_Item_Selector_Full_Catalog.txt","9322"
