ct_id,path,depth,description,row_type,variable_type,address,offsets,has_script,canonical_capability,f7_category,coverage_decision,preferred_backend,current_status,notes,fixed_raw_x,fixed_raw_y,fixed_raw_z
1337321322,Enable 1013216,0,Enable 1013216,action,Auto Assembler Script,,,True,table_root,Framework,NO_CONTROL,NONE,EXTERNAL_ARTIFACT,Master CE activation only; Architect already owns process/runtime lifecycle.,,,
1337321073,Enable 1013216 > Full Health,1,Full Health,action,Auto Assembler Script,,,True,player.full_health,Player,YES,NATIVE_HOOK,EXTERNAL_CURRENT_STATIC_CORROBORATED,"Historical hook captures generic attribute access and writes current = [slot+8] + [slot+0xC] before read. Current Health BaseAttribute ordering maps these to Max_Base + Max_Adder, strongly corroborating intended semantics but local-player ownership/current write path still needs current-build validation.",,,
1337321074,Enable 1013216 > Full Stamina,1,Full Stamina,action,Auto Assembler Script,,,True,player.full_stamina,Player,YES,NATIVE_HOOK,EXTERNAL_REMAP_REQUIRED,Historical generic attribute-save hook writes 999 to [rax+rcx*4] before read. Selector/local-player identity is not encoded safely enough for direct reuse.,,,
1337321075,Enable 1013216 > Full Mana,1,Full Mana,action,Auto Assembler Script,,,True,player.full_mana,Player,YES,NATIVE_HOOK,EXTERNAL_REMAP_REQUIRED,Historical attribute hook copies adjacent slot into current slot before read. Old layout must not be reused because current Mana ordering differs.,,,
1337321076,Enable 1013216 > Easy Parry,1,Easy Parry,action,Auto Assembler Script,,,True,combat.easy_parry,Combat,YES,NATIVE_PATCH,EXTERNAL_REMAP_REQUIRED,"Historical client parry site patches conditional branch (JE/JZ) to NOPs, widening/bypassing parry gating.",,,
1337321077,Enable 1013216 > Free Craft /  Inf. Consume Items,1,Free Craft /  Inf. Consume Items,action,Auto Assembler Script,,,True,crafting.free_craft,Crafting & Progression,YES,NATIVE_PATCH,CURRENT_CANDIDATE_EXISTS,Historical function-entry hook forces a stack argument/count to 0. Separate current-build Free Craft patch family exists and should be preferred after semantic validation.,,,
1337321419,Enable 1013216 > Set Available Skill Points Min. 999,1,Set Available Skill Points Min. 999,action,Auto Assembler Script,,,True,progression.skill_points_available_min,Crafting & Progression,YES,NATIVE_HOOK,EXTERNAL_REMAP_REQUIRED,Historical CalculateAvailableSkillPoints entry forces r9d=999.,,,
1337321420,Enable 1013216 > Set Used Skill Points To 0,1,Set Used Skill Points To 0,action,Auto Assembler Script,,,True,progression.skill_points_used_zero,Crafting & Progression,YES,NATIVE_PATCH,EXTERNAL_REMAP_REQUIRED,"Historical CalculateUsedSkillPoints function is replaced by xor eax,eax; ret.",,,
1337321078,Enable 1013216 > No Fall Damage,1,No Fall Damage,action,Auto Assembler Script,,,True,player.no_fall_damage,Player,YES,NATIVE_PATCH,EXTERNAL_REMAP_REQUIRED,Historical fall-damage calculation function entry is short-circuited with ret. Prefer narrower/current mechanism if available.,,,
1337321079,Enable 1013216 > No Weapon Durability Loss,1,No Weapon Durability Loss,action,Auto Assembler Script,,,True,gamesettings.durability,Vanilla Game Settings,VANILLA_DELEGATE,VANILLA_ACTION,CURRENT_KFC_PROVEN,Historical durability-loss function entry is short-circuited. Current vanilla GameSettings exposes enableDurability; prefer vanilla setting rather than native patch.,,,
1337321080,Enable 1013216 > No Shroud Decrease,1,No Shroud Decrease,action,Auto Assembler Script,,,True,player.infinite_shroud,Player,YES,NATIVE_PATCH,EXTERNAL_REMAP_REQUIRED,Historical FogResistanceUpdate function entry is short-circuited with ret.,,,
1337321343,Enable 1013216 > No Oxygen Decrease,1,No Oxygen Decrease,action,Auto Assembler Script,,,True,player.infinite_oxygen,Player,YES,NATIVE_PATCH,EXTERNAL_REMAP_REQUIRED,Historical OxygenUpdate function entry is short-circuited with ret.,,,
1337321081,Enable 1013216 > No Body Heat Timer Decrease In Cold Area,1,No Body Heat Timer Decrease In Cold Area,action,Auto Assembler Script,,,True,player.infinite_body_heat,Player,YES,NATIVE_PATCH,EXTERNAL_REMAP_REQUIRED,Historical body-heat depletion function entry is short-circuited with ret.,,,
1337321344,Enable 1013216 > Stealth Mode (Activate when no enemies present),1,Stealth Mode (Activate when no enemies present),action,Auto Assembler Script,,,True,ai.pacify_or_stealth,Combat & Enemy AI,VANILLA_PREFERRED,VANILLA_ACTION,VANILLA_OVERLAP_NEEDS_RUNTIME_EQUIVALENCE,"Historical enemy combat-targets function entry is short-circuited. Current vanilla GameSettings has pacifyAllEnemies, likely overlapping; test semantic equivalence before keeping a custom patch.",,,
1337321082,Enable 1013216 > Override Max Rested Bonus To x?,1,Override Max Rested Bonus To x?,action,Auto Assembler Script,,,True,player.rested_bonus,Player,YES,NATIVE_HOOK,CURRENT_KFC_ID_CORROBORATED,Historical attribute read hook injects configurable integer into an indexed Rested-family slot. Current Rested IDs are present; exact runtime slot still needs mapping.,,,
1337321083,Enable 1013216 > Override Max Rested Bonus To x? > x?,2,x?,parameter,4 Bytes,iRested,,False,player.rested_bonus.value,Player,YES_PARAMETER,NATIVE_HOOK,EXTERNAL_REMAP_REQUIRED,Configurable integer iRested.,,,
1337321333,Enable 1013216 > Override Max Rested Bonus To x? > INFO: THE NEW BONUS WILL ONLY APPLY IF YOU ARE SHELTERED + WARMTH,2,INFO: THE NEW BONUS WILL ONLY APPLY IF YOU ARE SHELTERED + WARMTH,help,,,,False,player.rested_bonus.help,Player,YES_HELP,NONE,EXTERNAL_ARTIFACT,Preserve help text: bonus applies only while Sheltered + Warmth.,,,
1337321084,Enable 1013216 > [Movement Options],1,[Movement Options],action,Auto Assembler Script,,,True,movement.options,Movement & Travel,GROUP,NONE,EXTERNAL_ARTIFACT,Historical parent observer captures movement/velocity-related pointers used by child movement cheats.,,,
1337321085,Enable 1013216 > [Movement Options] > Super Movement Speed,2,Super Movement Speed,action,Auto Assembler Script,,,True,movement.speed,Movement & Travel,YES,NATIVE_HOOK,CURRENT_KFC_SEMANTICS_CORROBORATED,Historical velocity arithmetic hook conditionally doubles a player-correlated movement scalar/delta using pointers captured by parent hook.,,,
1337321407,Enable 1013216 > [Movement Options] > Super Jump,2,Super Jump,action,Auto Assembler Script,,,True,movement.jump_force,Movement & Travel,YES,NATIVE_HOOK,EXTERNAL_REMAP_REQUIRED,Historical jump hook multiplies xmm1 by configurable fJumpMul before storing jump force to [r15+4].,,,
1337321408,Enable 1013216 > [Movement Options] > Super Jump > Force:,3,Force:,parameter,Float,fJumpMul,,False,movement.jump_force.multiplier,Movement & Travel,YES_PARAMETER,NATIVE_HOOK,EXTERNAL_ARTIFACT,"fJumpMul parameter, historical default 2.",,,
1337321088,Enable 1013216 > Get Stats ( Equip Armor To Populate ),1,Get Stats ( Equip Armor To Populate ),action,Auto Assembler Script,,,True,player.stats_inspector,Player,YES,NATIVE_OBSERVER,CURRENT_KFC_27_OF_27_IDS_PROVEN,Two historical attribute write/read sites compare attribute IDs and capture addresses for 27 named stats. All 27 IDs still exist with matching semantics in current build KFC.,,,
1337321089,Enable 1013216 > Get Stats ( Equip Armor To Populate ) > [],2,[],group,,,,False,player.stats_inspector.group,Player,GROUP,NONE,CURRENT_KFC_27_OF_27_IDS_PROVEN,Visual subgroup in table.,,,
1337321090,Enable 1013216 > Get Stats ( Equip Armor To Populate ) > [] > Wand Damage:,3,Wand Damage:,readout,Float,pFloatStats,0,False,player.stats.wand_damage,Player,YES_CHILD_READOUT,NATIVE_OBSERVER,CURRENT_KFC_ID_PROVEN,Current build ID 0x6E97C666 = WeaponCategoryDamageMod_Wand,,,
1337321091,Enable 1013216 > Get Stats ( Equip Armor To Populate ) > [] > Staff Damage,3,Staff Damage,readout,Float,pFloatStats+8,0,False,player.stats.staff_damage,Player,YES_CHILD_READOUT,NATIVE_OBSERVER,CURRENT_KFC_ID_PROVEN,Current build ID 0xF466C8FE = WeaponCategoryDamageMod_Staff,,,
1337321092,Enable 1013216 > Get Stats ( Equip Armor To Populate ) > [] > Two Handed Damage,3,Two Handed Damage,readout,Float,pFloatStats+10,0,False,player.stats.two_handed_damage,Player,YES_CHILD_READOUT,NATIVE_OBSERVER,CURRENT_KFC_ID_PROVEN,Current build ID 0xAAAD4C37 = WeaponCategoryDamageMod_TwoHand,,,
1337321093,Enable 1013216 > Get Stats ( Equip Armor To Populate ) > [] > One Handed Damage,3,One Handed Damage,readout,Float,pFloatStats+18,0,False,player.stats.one_handed_damage,Player,YES_CHILD_READOUT,NATIVE_OBSERVER,CURRENT_KFC_ID_PROVEN,Current build ID 0x4A603222 = WeaponCategoryDamageMod_Single,,,
1337321094,Enable 1013216 > Get Stats ( Equip Armor To Populate ) > [] > Bow Damage,3,Bow Damage,readout,Float,pFloatStats+20,0,False,player.stats.bow_damage,Player,YES_CHILD_READOUT,NATIVE_OBSERVER,CURRENT_KFC_ID_PROVEN,Current build ID 0x22B78F34 = WeaponCategoryDamageMod_Bow,,,
1337321095,Enable 1013216 > Get Stats ( Equip Armor To Populate ) > [] > Dagger Damage,3,Dagger Damage,readout,Float,pFloatStats+28,0,False,player.stats.dagger_damage,Player,YES_CHILD_READOUT,NATIVE_OBSERVER,CURRENT_KFC_ID_PROVEN,Current build ID 0xB1EE1CFD = WeaponCategoryDamageMod_Dagger,,,
1337321096,Enable 1013216 > Get Stats ( Equip Armor To Populate ) > [] > Critical Chance Magic,3,Critical Chance Magic,readout,Float,pFloatStats+30,0,False,player.stats.critical_chance_magic,Player,YES_CHILD_READOUT,NATIVE_OBSERVER,CURRENT_KFC_ID_PROVEN,Current build ID 0x18F5E41F = CritChance_Adder_Magic,,,
1337321097,Enable 1013216 > Get Stats ( Equip Armor To Populate ) > [] > Critical Chance Melee,3,Critical Chance Melee,readout,Float,pFloatStats+38,0,False,player.stats.critical_chance_melee,Player,YES_CHILD_READOUT,NATIVE_OBSERVER,CURRENT_KFC_ID_PROVEN,Current build ID 0xACA624C1 = CritChance_Adder_Melee,,,
1337321098,Enable 1013216 > Get Stats ( Equip Armor To Populate ) > [] > Critical Chance Range,3,Critical Chance Range,readout,Float,pFloatStats+40,0,False,player.stats.critical_chance_range,Player,YES_CHILD_READOUT,NATIVE_OBSERVER,CURRENT_KFC_ID_PROVEN,Current build ID 0xF07290D0 = CritChance_Adder_Ranged,,,
1337321099,Enable 1013216 > Get Stats ( Equip Armor To Populate ) > [] > Ranged Damage,3,Ranged Damage,readout,Float,pFloatStats+48,0,False,player.stats.ranged_damage,Player,YES_CHILD_READOUT,NATIVE_OBSERVER,CURRENT_KFC_ID_PROVEN,Current build ID 0x2170D42F = RangedDamageMod,,,
1337321100,Enable 1013216 > Get Stats ( Equip Armor To Populate ) > [] > Melee Damage,3,Melee Damage,readout,Float,pFloatStats+50,0,False,player.stats.melee_damage,Player,YES_CHILD_READOUT,NATIVE_OBSERVER,CURRENT_KFC_ID_PROVEN,Current build ID 0x6910F358 = MeleeDamageMod,,,
1337321101,Enable 1013216 > Get Stats ( Equip Armor To Populate ) > [] > Magic Damage,3,Magic Damage,readout,Float,pFloatStats+58,0,False,player.stats.magic_damage,Player,YES_CHILD_READOUT,NATIVE_OBSERVER,CURRENT_KFC_ID_PROVEN,Current build ID 0x222B02E3 = MagicDamageMod,,,
1337321102,Enable 1013216 > Get Stats ( Equip Armor To Populate ) > [],2,[],group,,,,False,player.stats_inspector.group,Player,GROUP,NONE,CURRENT_KFC_27_OF_27_IDS_PROVEN,Visual subgroup in table.,,,
1337321103,Enable 1013216 > Get Stats ( Equip Armor To Populate ) > [] > Strength,3,Strength,readout,4 Bytes,pIntStats,0,False,player.stats.strength,Player,YES_CHILD_READOUT,NATIVE_OBSERVER,CURRENT_KFC_ID_PROVEN,Current build ID 0x8C554BC4 = Strength_Base,,,
1337321104,Enable 1013216 > Get Stats ( Equip Armor To Populate ) > [] > Constiution,3,Constiution,readout,4 Bytes,pIntStats+8,0,False,player.stats.constiution,Player,YES_CHILD_READOUT,NATIVE_OBSERVER,CURRENT_KFC_ID_PROVEN,Current build ID 0x10CE8E11 = Constitution_Base,,,
1337321105,Enable 1013216 > Get Stats ( Equip Armor To Populate ) > [] > Dex,3,Dex,readout,4 Bytes,pIntStats+10,0,False,player.stats.dex,Player,YES_CHILD_READOUT,NATIVE_OBSERVER,CURRENT_KFC_ID_PROVEN,Current build ID 0xA8E368D5 = Dexterity_Base,,,
1337321106,Enable 1013216 > Get Stats ( Equip Armor To Populate ) > [] > Endurance,3,Endurance,readout,4 Bytes,pIntStats+18,0,False,player.stats.endurance,Player,YES_CHILD_READOUT,NATIVE_OBSERVER,CURRENT_KFC_ID_PROVEN,Current build ID 0xF0B152E2 = Endurance_Base,,,
1337321107,Enable 1013216 > Get Stats ( Equip Armor To Populate ) > [] > Intelligence,3,Intelligence,readout,4 Bytes,pIntStats+20,0,False,player.stats.intelligence,Player,YES_CHILD_READOUT,NATIVE_OBSERVER,CURRENT_KFC_ID_PROVEN,Current build ID 0x500B391F = Intelligence_Base,,,
1337321108,Enable 1013216 > Get Stats ( Equip Armor To Populate ) > [] > Spirit,3,Spirit,readout,4 Bytes,pIntStats+28,0,False,player.stats.spirit,Player,YES_CHILD_READOUT,NATIVE_OBSERVER,CURRENT_KFC_ID_PROVEN,Current build ID 0xFE934A26 = Spirit_Base,,,
1337321109,Enable 1013216 > Get Stats ( Equip Armor To Populate ) > [] > Stamina,3,Stamina,readout,4 Bytes,pIntStats+30,0,False,player.stats.stamina,Player,YES_CHILD_READOUT,NATIVE_OBSERVER,CURRENT_KFC_ID_PROVEN,Current build ID 0x4114B3E5 = Stamina_Max_Adder,,,
1337321110,Enable 1013216 > Get Stats ( Equip Armor To Populate ) > [] > Stamina Reg,3,Stamina Reg,readout,4 Bytes,pIntStats+38,0,False,player.stats.stamina_reg,Player,YES_CHILD_READOUT,NATIVE_OBSERVER,CURRENT_KFC_ID_PROVEN,Current build ID 0xB06CA4F0 = Stamina_Recharge,,,
1337321111,Enable 1013216 > Get Stats ( Equip Armor To Populate ) > [] > Stamina Reg Delay,3,Stamina Reg Delay,readout,4 Bytes,pIntStats+40,0,False,player.stats.stamina_reg_delay,Player,YES_CHILD_READOUT,NATIVE_OBSERVER,CURRENT_KFC_ID_PROVEN,Current build ID 0x237E854C = Stamina_RechargeTimeout,,,
1337321112,Enable 1013216 > Get Stats ( Equip Armor To Populate ) > [] > Mana,3,Mana,readout,4 Bytes,pIntStats+48,0,False,player.stats.mana,Player,YES_CHILD_READOUT,NATIVE_OBSERVER,CURRENT_KFC_ID_PROVEN,Current build ID 0x17253019 = Mana_Max_Adder,,,
1337321113,Enable 1013216 > Get Stats ( Equip Armor To Populate ) > [] > Mana Reg,3,Mana Reg,readout,4 Bytes,pIntStats+50,0,False,player.stats.mana_reg,Player,YES_CHILD_READOUT,NATIVE_OBSERVER,CURRENT_KFC_ID_PROVEN,Current build ID 0xE12F60AF = Mana_Recharge,,,
1337321114,Enable 1013216 > Get Stats ( Equip Armor To Populate ) > [] > Mana Reg Delay,3,Mana Reg Delay,readout,4 Bytes,pIntStats+58,0,False,player.stats.mana_reg_delay,Player,YES_CHILD_READOUT,NATIVE_OBSERVER,CURRENT_KFC_ID_PROVEN,Current build ID 0xB0A850D5 = Mana_RechargeTimeout,,,
1337321115,Enable 1013216 > Get Stats ( Equip Armor To Populate ) > [] > Health,3,Health,readout,4 Bytes,pIntStats+60,0,False,player.stats.health,Player,YES_CHILD_READOUT,NATIVE_OBSERVER,CURRENT_KFC_ID_PROVEN,Current build ID 0x8BC688F7 = Health_Max_Adder,,,
1337321116,Enable 1013216 > Get Stats ( Equip Armor To Populate ) > [] > Health Reg,3,Health Reg,readout,4 Bytes,pIntStats+68,0,False,player.stats.health_reg,Player,YES_CHILD_READOUT,NATIVE_OBSERVER,CURRENT_KFC_ID_PROVEN,Current build ID 0xDEE8D7AC = Health_Recharge,,,
1337321117,Enable 1013216 > Get Stats ( Equip Armor To Populate ) > [] > Health Reg Delay,3,Health Reg Delay,readout,4 Bytes,pIntStats+70,0,False,player.stats.health_reg_delay,Player,YES_CHILD_READOUT,NATIVE_OBSERVER,CURRENT_KFC_ID_PROVEN,Current build ID 0x95DA4F21 = Health_RechargeTimeout,,,
1337321118,Enable 1013216 > XP Multiplier x?,1,XP Multiplier x?,action,Auto Assembler Script,,,True,progression.global_xp_multiplier,Crafting & Progression,YES,NATIVE_HOOK,EXTERNAL_REMAP_REQUIRED_VANILLA_PARTIAL_OVERLAP,Historical XP award hook multiplies r15d XP delta by configurable float before original add.,,,
1337321119,Enable 1013216 > XP Multiplier x? > x?,2,x?,parameter,Float,fXPMul,,False,progression.global_xp_multiplier.value,Crafting & Progression,YES_PARAMETER,NATIVE_HOOK,EXTERNAL_ARTIFACT,fXPMul parameter.,,,
1337321120,Enable 1013216 > Get Item Pointer (Move Any Item In Inventory),1,Get Item Pointer (Move Any Item In Inventory),action,Auto Assembler Script,,,True,item.selected_inspector,Inventory & Items,YES,NATIVE_OBSERVER,EXTERNAL_REMAP_REQUIRED,Historical inventory slot hook captures r15 item-record pointer when moving an item.,,,
1337321121,Enable 1013216 > Get Item Pointer (Move Any Item In Inventory) > [Pointer] Amount:,2,[Pointer] Amount:,parameter,4 Bytes,pItem,4,False,item.selected_amount,Inventory & Items,YES_CHILD_READOUT_EDIT,NATIVE_OBJECT,EXTERNAL_REMAP_REQUIRED,Captured item record +0x4 amount; dedupe with root items-in-slots amount.,,,
1337321122,Enable 1013216 > Get Item Pointer (Move Any Item In Inventory) > Change Item,2,Change Item,action,Auto Assembler Script,,,True,item.replace_selected,Inventory & Items,YES,NATIVE_OBJECT,EXTERNAL_REMAP_REQUIRED_SAVE_AFFECTING,"Lua writes selected item ID/hash and resets adjacent metadata/seed, using the captured item pointer.",,,
1337321123,Enable 1013216 > Get Item Pointer (Move Any Item In Inventory) > ReRoll The Item (If Item Is Gear),2,ReRoll The Item (If Item Is Gear),action,Auto Assembler Script,,,True,item.reroll_selected,Inventory & Items,YES,NATIVE_OBJECT,EXTERNAL_REMAP_REQUIRED_SAVE_AFFECTING,Lua zeroes captured item metadata/seed field to force reroll behavior.,,,
1337321403,Enable 1013216 > Get Item Pointer (Move Any Item In Inventory) > Get Item Level While Upgrading,2,Get Item Level While Upgrading,action,Auto Assembler Script,,,True,item.upgrade_inspector,Inventory & Items,YES,NATIVE_OBSERVER,EXTERNAL_REMAP_REQUIRED,"Historical upgrade path captures level/stat pointers; children expose level, enhancements count, and unlocked upgrades byte.",,,
1337321404,Enable 1013216 > Get Item Pointer (Move Any Item In Inventory) > Get Item Level While Upgrading > Item Level:,3,Item Level:,readout,4 Bytes,pLevel,0,False,item.upgrade_inspector.level,Inventory & Items,YES_CHILD_READOUT_EDIT,NATIVE_OBSERVER,EXTERNAL_REMAP_REQUIRED,Historical upgrade-path captured field.,,,
1337321405,Enable 1013216 > Get Item Pointer (Move Any Item In Inventory) > Get Item Level While Upgrading > Enhancements Amount:,3,Enhancements Amount:,readout,Byte,pStats,0,False,item.upgrade_inspector.enhancements,Inventory & Items,YES_CHILD_READOUT_EDIT,NATIVE_OBSERVER,EXTERNAL_REMAP_REQUIRED,Historical upgrade-path captured field.,,,
1337321406,Enable 1013216 > Get Item Pointer (Move Any Item In Inventory) > Get Item Level While Upgrading > Unlocked Upgrades:,3,Unlocked Upgrades:,readout,Byte,pStats,1,False,item.upgrade_inspector.unlocked_upgrades,Inventory & Items,YES_CHILD_READOUT_EDIT,NATIVE_OBSERVER,EXTERNAL_REMAP_REQUIRED,Historical upgrade-path captured field.,,,
1337321137,Enable 1013216 > Get Item Pointer (Move Any Item In Inventory) > Delete Item,2,Delete Item,action,Auto Assembler Script,,,True,item.delete_selected,Inventory & Items,YES,NATIVE_OBJECT,EXTERNAL_REMAP_REQUIRED_SAVE_AFFECTING,"Lua zeroes item ID, amount, and metadata at captured item record.",,,
1337321138,Enable 1013216 > Get Item Pointer (Move Any Item In Inventory) > Print Hash,2,Print Hash,action,Auto Assembler Script,,,True,item.hash_inspector,Inventory & Items,YES,NATIVE_OBSERVER,EXTERNAL_REMAP_REQUIRED,Lua reads/prints selected item ID/hash from captured item record.,,,
1337321174,Enable 1013216 > Transform Hook,1,Transform Hook,action,Auto Assembler Script,,,True,travel.transform_observer,Movement & Travel,INTERNAL_DEPENDENCY,NATIVE_OBSERVER,EXTERNAL_REMAP_REQUIRED,"Historical is_actor_in_shape_toggle site captures rdx as pPos. Consumer reads aligned signed 64-bit coordinates and converts differences to float; teleport Lua writes misaligned QWORDs at +4/+0xC/+0x14, proving this is an opaque packed/quantized representation rather than safe XYZ floats.",,,
1337321175,Enable 1013216 > Transform Hook > Gravity Handler,2,Gravity Handler,action,Auto Assembler Script,,,True,movement.gravity_hover,Movement & Travel,YES,NATIVE_HOOK,EXTERNAL_REMAP_REQUIRED,Historical keyboard/window hook plus gravity arithmetic hook: toggles vertical movement and suppresses/adds gravity using captured transform state.,,,
1337321176,Enable 1013216 > Transform Hook > Gravity Handler > [INFO] R = HotKey Enable,3,[INFO] R = HotKey Enable,help,,,,False,movement.gravity_hover.help,Movement & Travel,YES_HELP,NONE,EXTERNAL_ARTIFACT,[INFO] R = HotKey Enable,,,
1337321177,Enable 1013216 > Transform Hook > Gravity Handler > [INFO] R = HotKey Enable > [INFO] CTRL = Down,4,[INFO] CTRL = Down,help,,,,False,movement.gravity_hover.help,Movement & Travel,YES_HELP,NONE,EXTERNAL_ARTIFACT,[INFO] CTRL = Down,,,
1337321178,Enable 1013216 > Transform Hook > Gravity Handler > [INFO] R = HotKey Enable > [INFO] Shift = Up,4,[INFO] Shift = Up,help,,,,False,movement.gravity_hover.help,Movement & Travel,YES_HELP,NONE,EXTERNAL_ARTIFACT,[INFO] Shift = Up,,,
1337321179,Enable 1013216 > Transform Hook > [Teleport],2,[Teleport],action,Auto Assembler Script,,,True,travel.teleport,Movement & Travel,GROUP,NONE,UNSOLVED_CURRENT_AUTHORITY,Lua common teleport routine repeatedly writes three QWORD values 91 times with 1 ms sleeps to offsets +4/+0xC/+0x14 of captured pPos. Unsafe to reproduce until current transform ownership/layout is mapped.,,,
1337321180,Enable 1013216 > Transform Hook > [Teleport] > [Manual Slots],3,[Manual Slots],group,,,,False,travel.teleport.manual_slots,Movement & Travel,GROUP,NONE,EXTERNAL_ARTIFACT,Preserve table grouping in F7 travel library.,,,
1337321181,Enable 1013216 > Transform Hook > [Teleport] > [Manual Slots] > Save Position 1,4,Save Position 1,action,Auto Assembler Script,,,True,travel.saved_positions.manual,Movement & Travel,YES,NATIVE_OBJECT,UNSOLVED_CURRENT_AUTHORITY,Uses common raw-QWORD teleport transform path; implement only after current transform proof.,,,
1337321182,Enable 1013216 > Transform Hook > [Teleport] > [Manual Slots] > Save Position 1 > Load Position 1,5,Load Position 1,action,Auto Assembler Script,,,True,travel.saved_positions.manual,Movement & Travel,YES,NATIVE_OBJECT,UNSOLVED_CURRENT_AUTHORITY,Uses common raw-QWORD teleport transform path; implement only after current transform proof.,,,
1337321183,Enable 1013216 > Transform Hook > [Teleport] > [Manual Slots] > Save Position 2,4,Save Position 2,action,Auto Assembler Script,,,True,travel.saved_positions.manual,Movement & Travel,YES,NATIVE_OBJECT,UNSOLVED_CURRENT_AUTHORITY,Uses common raw-QWORD teleport transform path; implement only after current transform proof.,,,
1337321184,Enable 1013216 > Transform Hook > [Teleport] > [Manual Slots] > Save Position 2 > Load Position 2,5,Load Position 2,action,Auto Assembler Script,,,True,travel.saved_positions.manual,Movement & Travel,YES,NATIVE_OBJECT,UNSOLVED_CURRENT_AUTHORITY,Uses common raw-QWORD teleport transform path; implement only after current transform proof.,,,
1337321185,Enable 1013216 > Transform Hook > [Teleport] > [Manual Slots] > Save Position 3,4,Save Position 3,action,Auto Assembler Script,,,True,travel.saved_positions.manual,Movement & Travel,YES,NATIVE_OBJECT,UNSOLVED_CURRENT_AUTHORITY,Uses common raw-QWORD teleport transform path; implement only after current transform proof.,,,
1337321186,Enable 1013216 > Transform Hook > [Teleport] > [Manual Slots] > Save Position 3 > Load Position 3,5,Load Position 3,action,Auto Assembler Script,,,True,travel.saved_positions.manual,Movement & Travel,YES,NATIVE_OBJECT,UNSOLVED_CURRENT_AUTHORITY,Uses common raw-QWORD teleport transform path; implement only after current transform proof.,,,
1337321187,Enable 1013216 > Transform Hook > [Teleport] > [Dynamic Slots],3,[Dynamic Slots],group,,,,False,travel.teleport.dynamic_slots,Movement & Travel,GROUP,NONE,EXTERNAL_ARTIFACT,Preserve table grouping in F7 travel library.,,,
1337321188,Enable 1013216 > Transform Hook > [Teleport] > [Dynamic Slots] > Save Position,4,Save Position,action,Auto Assembler Script,,,True,travel.saved_positions.dynamic,Movement & Travel,YES,NATIVE_OBJECT,UNSOLVED_CURRENT_AUTHORITY,Uses common raw-QWORD teleport transform path; implement only after current transform proof.,,,
1337321189,Enable 1013216 > Transform Hook > [Teleport] > [Dynamic Slots] > Load Position,4,Load Position,action,Auto Assembler Script,,,True,travel.saved_positions.dynamic,Movement & Travel,YES,NATIVE_OBJECT,UNSOLVED_CURRENT_AUTHORITY,Uses common raw-QWORD teleport transform path; implement only after current transform proof.,,,
1337321190,Enable 1013216 > Transform Hook > [Teleport] > [Dynamic Slots] > Delete Position,4,Delete Position,action,Auto Assembler Script,,,True,travel.saved_positions.dynamic,Movement & Travel,YES,NATIVE_OBJECT,UNSOLVED_CURRENT_AUTHORITY,Uses common raw-QWORD teleport transform path; implement only after current transform proof.,,,
1337321191,Enable 1013216 > Transform Hook > [Teleport] > [Fixed Locations],3,[Fixed Locations],group,,,,False,travel.teleport.fixed_locations,Movement & Travel,GROUP,NONE,EXTERNAL_ARTIFACT,Preserve table grouping in F7 travel library.,,,
1337321192,Enable 1013216 > Transform Hook > [Teleport] > [Fixed Locations] > [Gem Forge],4,[Gem Forge],group,,,,False,travel.teleport.gem_forge,Movement & Travel,GROUP,NONE,EXTERNAL_ARTIFACT,Preserve table grouping in F7 travel library.,,,
1337321193,Enable 1013216 > Transform Hook > [Teleport] > [Fixed Locations] > [Gem Forge] > Springlands,5,Springlands,destination,Auto Assembler Script,,,True,travel.fixed_location,Movement & Travel,YES_DATA_ENTRY,VANILLA_FAST_TRAVEL_OR_NATIVE,DATA_PRESERVED_RUNTIME_ROUTE_UNSOLVED,"raw qwords=(349028971121217051,15235677539394388759,2357); prefer vanilla fast-travel destination when available, otherwise keep disabled until transform authority is proven.",349028971121217051,15235677539394388759,2357
1337321194,Enable 1013216 > Transform Hook > [Teleport] > [Fixed Locations] > [Fast Travels],4,[Fast Travels],group,,,,False,travel.teleport.fast_travels,Movement & Travel,GROUP,NONE,EXTERNAL_ARTIFACT,Preserve table grouping in F7 travel library.,,,
1337321195,Enable 1013216 > Transform Hook > [Teleport] > [Fixed Locations] > [Fast Travels] > Ancient Spire Spingland,5,Ancient Spire Spingland,destination,Auto Assembler Script,,,True,travel.fixed_location,Movement & Travel,YES_DATA_ENTRY,VANILLA_FAST_TRAVEL_OR_NATIVE,DATA_PRESERVED_RUNTIME_ROUTE_UNSOLVED,"raw qwords=(3499,1041,1956); prefer vanilla fast-travel destination when available, otherwise keep disabled until transform authority is proven.",3499,1041,1956
1337321196,Enable 1013216 > Transform Hook > [Teleport] > [Fixed Locations] > [Fast Travels] > Ancient Spire Low Meadows,5,Ancient Spire Low Meadows,destination,Auto Assembler Script,,,True,travel.fixed_location,Movement & Travel,YES_DATA_ENTRY,VANILLA_FAST_TRAVEL_OR_NATIVE,DATA_PRESERVED_RUNTIME_ROUTE_UNSOLVED,"raw qwords=(4909,865,1659); prefer vanilla fast-travel destination when available, otherwise keep disabled until transform authority is proven.",4909,865,1659
1337321197,Enable 1013216 > Transform Hook > [Teleport] > [Fixed Locations] > [Fast Travels] > Ancient Spire Revelwood,5,Ancient Spire Revelwood,destination,Auto Assembler Script,,,True,travel.fixed_location,Movement & Travel,YES_DATA_ENTRY,VANILLA_FAST_TRAVEL_OR_NATIVE,DATA_PRESERVED_RUNTIME_ROUTE_UNSOLVED,"raw qwords=(3821,978,3644); prefer vanilla fast-travel destination when available, otherwise keep disabled until transform authority is proven.",3821,978,3644
1337321198,Enable 1013216 > Transform Hook > [Teleport] > [Fixed Locations] > [Fast Travels] > Ancient Spire Blackmire,5,Ancient Spire Blackmire,destination,Auto Assembler Script,,,True,travel.fixed_location,Movement & Travel,YES_DATA_ENTRY,VANILLA_FAST_TRAVEL_OR_NATIVE,DATA_PRESERVED_RUNTIME_ROUTE_UNSOLVED,"raw qwords=(3403,847,5562); prefer vanilla fast-travel destination when available, otherwise keep disabled until transform authority is proven.",3403,847,5562
1337321199,Enable 1013216 > Transform Hook > [Teleport] > [Fixed Locations] > [Fast Travels] > Ancient Spire Nomad Highlands,5,Ancient Spire Nomad Highlands,destination,Auto Assembler Script,,,True,travel.fixed_location,Movement & Travel,YES_DATA_ENTRY,VANILLA_FAST_TRAVEL_OR_NATIVE,DATA_PRESERVED_RUNTIME_ROUTE_UNSOLVED,"raw qwords=(6767,992,3766); prefer vanilla fast-travel destination when available, otherwise keep disabled until transform authority is proven.",6767,992,3766
1337321200,Enable 1013216 > Transform Hook > [Teleport] > [Fixed Locations] > [Fast Travels] > Ancient Spire Kindlewast,5,Ancient Spire Kindlewast,destination,Auto Assembler Script,,,True,travel.fixed_location,Movement & Travel,YES_DATA_ENTRY,VANILLA_FAST_TRAVEL_OR_NATIVE,DATA_PRESERVED_RUNTIME_ROUTE_UNSOLVED,"raw qwords=(8401,1063,2476); prefer vanilla fast-travel destination when available, otherwise keep disabled until transform authority is proven.",8401,1063,2476
1337321201,Enable 1013216 > Transform Hook > [Teleport] > [Fixed Locations] > [Fast Travels] > Ancient Spire Albaneve Summits,5,Ancient Spire Albaneve Summits,destination,Auto Assembler Script,,,True,travel.fixed_location,Movement & Travel,YES_DATA_ENTRY,VANILLA_FAST_TRAVEL_OR_NATIVE,DATA_PRESERVED_RUNTIME_ROUTE_UNSOLVED,"raw qwords=(7442,1341,4943); prefer vanilla fast-travel destination when available, otherwise keep disabled until transform authority is proven.",7442,1341,4943
1337321317,Enable 1013216 > Transform Hook > [Teleport] > [Fixed Locations] > [Fast Travels] > Ancient Spire Veilwater Besin,5,Ancient Spire Veilwater Besin,destination,Auto Assembler Script,,,True,travel.fixed_location,Movement & Travel,YES_DATA_ENTRY,VANILLA_FAST_TRAVEL_OR_NATIVE,DATA_PRESERVED_RUNTIME_ROUTE_UNSOLVED,"raw qwords=(-9221120237041085822,-5152117973711846571,-9146862640495061596); prefer vanilla fast-travel destination when available, otherwise keep disabled until transform authority is proven.",-9221120237041085822,-5152117973711846571,-9146862640495061596
1337321202,Enable 1013216 > Transform Hook > [Teleport] > [Fixed Locations] > [Vaults],4,[Vaults],group,,,,False,travel.teleport.vaults,Movement & Travel,GROUP,NONE,EXTERNAL_ARTIFACT,Preserve table grouping in F7 travel library.,,,
1337321203,Enable 1013216 > Transform Hook > [Teleport] > [Fixed Locations] > [Vaults] > Ancient Vault Blacksmith,5,Ancient Vault Blacksmith,destination,Auto Assembler Script,,,True,travel.fixed_location,Movement & Travel,YES_DATA_ENTRY,VANILLA_FAST_TRAVEL_OR_NATIVE,DATA_PRESERVED_RUNTIME_ROUTE_UNSOLVED,"raw qwords=(3448,851,1837); prefer vanilla fast-travel destination when available, otherwise keep disabled until transform authority is proven.",3448,851,1837
1337321204,Enable 1013216 > Transform Hook > [Teleport] > [Fixed Locations] > [Vaults] > Ancient Vault Carpenter,5,Ancient Vault Carpenter,destination,Auto Assembler Script,,,True,travel.fixed_location,Movement & Travel,YES_DATA_ENTRY,VANILLA_FAST_TRAVEL_OR_NATIVE,DATA_PRESERVED_RUNTIME_ROUTE_UNSOLVED,"raw qwords=(4644,652,1300); prefer vanilla fast-travel destination when available, otherwise keep disabled until transform authority is proven.",4644,652,1300
1337321205,Enable 1013216 > Transform Hook > [Teleport] > [Fixed Locations] > [Vaults] > Ancient Vault Huntress,5,Ancient Vault Huntress,destination,Auto Assembler Script,,,True,travel.fixed_location,Movement & Travel,YES_DATA_ENTRY,VANILLA_FAST_TRAVEL_OR_NATIVE,DATA_PRESERVED_RUNTIME_ROUTE_UNSOLVED,"raw qwords=(4252,844,1854); prefer vanilla fast-travel destination when available, otherwise keep disabled until transform authority is proven.",4252,844,1854
1337321206,Enable 1013216 > Transform Hook > [Teleport] > [Fixed Locations] > [Vaults] > Ancient Vault Alchemist,5,Ancient Vault Alchemist,destination,Auto Assembler Script,,,True,travel.fixed_location,Movement & Travel,YES_DATA_ENTRY,VANILLA_FAST_TRAVEL_OR_NATIVE,DATA_PRESERVED_RUNTIME_ROUTE_UNSOLVED,"raw qwords=(2690,892,2109); prefer vanilla fast-travel destination when available, otherwise keep disabled until transform authority is proven.",2690,892,2109
1337321207,Enable 1013216 > Transform Hook > [Teleport] > [Fixed Locations] > [Vaults] > Ancient Vault Farmer,5,Ancient Vault Farmer,destination,Auto Assembler Script,,,True,travel.fixed_location,Movement & Travel,YES_DATA_ENTRY,VANILLA_FAST_TRAVEL_OR_NATIVE,DATA_PRESERVED_RUNTIME_ROUTE_UNSOLVED,"raw qwords=(3391,858,2765); prefer vanilla fast-travel destination when available, otherwise keep disabled until transform authority is proven.",3391,858,2765
1337321208,Enable 1013216 > Transform Hook > [Teleport] > [Fixed Locations] > [Vaults] > Ancient Vault Bard,5,Ancient Vault Bard,destination,Auto Assembler Script,,,True,travel.fixed_location,Movement & Travel,YES_DATA_ENTRY,VANILLA_FAST_TRAVEL_OR_NATIVE,DATA_PRESERVED_RUNTIME_ROUTE_UNSOLVED,"raw qwords=(3569,630,5975); prefer vanilla fast-travel destination when available, otherwise keep disabled until transform authority is proven.",3569,630,5975
1337321209,Enable 1013216 > Transform Hook > [Teleport] > [Fixed Locations] > [Misc],4,[Misc],group,,,,False,travel.teleport.misc,Movement & Travel,GROUP,NONE,EXTERNAL_ARTIFACT,Preserve table grouping in F7 travel library.,,,
1337321210,Enable 1013216 > Transform Hook > [Teleport] > [Fixed Locations] > [Misc] > Longkeep,5,Longkeep,destination,Auto Assembler Script,,,True,travel.fixed_location,Movement & Travel,YES_DATA_ENTRY,VANILLA_FAST_TRAVEL_OR_NATIVE,DATA_PRESERVED_RUNTIME_ROUTE_UNSOLVED,"raw qwords=(3689,845,1401); prefer vanilla fast-travel destination when available, otherwise keep disabled until transform authority is proven.",3689,845,1401
1337321211,Enable 1013216 > Transform Hook > [Teleport] > [Fixed Locations] > [Misc] > Morwenna,5,Morwenna,destination,Auto Assembler Script,,,True,travel.fixed_location,Movement & Travel,YES_DATA_ENTRY,VANILLA_FAST_TRAVEL_OR_NATIVE,DATA_PRESERVED_RUNTIME_ROUTE_UNSOLVED,"raw qwords=(4446,635,1230); prefer vanilla fast-travel destination when available, otherwise keep disabled until transform authority is proven.",4446,635,1230
1337321212,Enable 1013216 > Transform Hook > [Teleport] > [Fixed Locations] > [Misc] > Woodgard,5,Woodgard,destination,Auto Assembler Script,,,True,travel.fixed_location,Movement & Travel,YES_DATA_ENTRY,VANILLA_FAST_TRAVEL_OR_NATIVE,DATA_PRESERVED_RUNTIME_ROUTE_UNSOLVED,"raw qwords=(3110,837,1993); prefer vanilla fast-travel destination when available, otherwise keep disabled until transform authority is proven.",3110,837,1993
1337321213,Enable 1013216 > Transform Hook > [Teleport] > [Fixed Locations] > [Misc] > Fenrig's Farm,5,Fenrig's Farm,destination,Auto Assembler Script,,,True,travel.fixed_location,Movement & Travel,YES_DATA_ENTRY,VANILLA_FAST_TRAVEL_OR_NATIVE,DATA_PRESERVED_RUNTIME_ROUTE_UNSOLVED,"raw qwords=(2989264252667169568,3247095331334128468,89803161954421242); prefer vanilla fast-travel destination when available, otherwise keep disabled until transform authority is proven.",2989264252667169568,3247095331334128468,89803161954421242
1337321214,Enable 1013216 > Transform Hook > [Teleport] > [Fixed Locations] > [Misc] > Peacful Acres,5,Peacful Acres,destination,Auto Assembler Script,,,True,travel.fixed_location,Movement & Travel,YES_DATA_ENTRY,VANILLA_FAST_TRAVEL_OR_NATIVE,DATA_PRESERVED_RUNTIME_ROUTE_UNSOLVED,"raw qwords=(3020,895,1611); prefer vanilla fast-travel destination when available, otherwise keep disabled until transform authority is proven.",3020,895,1611
1337321215,Enable 1013216 > Transform Hook > [Teleport] > [Fixed Locations] > [Misc] > Mistbury Catacombs,5,Mistbury Catacombs,destination,Auto Assembler Script,,,True,travel.fixed_location,Movement & Travel,YES_DATA_ENTRY,VANILLA_FAST_TRAVEL_OR_NATIVE,DATA_PRESERVED_RUNTIME_ROUTE_UNSOLVED,"raw qwords=(3934,799,2655); prefer vanilla fast-travel destination when available, otherwise keep disabled until transform authority is proven.",3934,799,2655
1337321216,Enable 1013216 > Transform Hook > [Teleport] > [Fixed Locations] > [Misc] > Egerton Salt Mine,5,Egerton Salt Mine,destination,Auto Assembler Script,,,True,travel.fixed_location,Movement & Travel,YES_DATA_ENTRY,VANILLA_FAST_TRAVEL_OR_NATIVE,DATA_PRESERVED_RUNTIME_ROUTE_UNSOLVED,"raw qwords=(2999,836,2111); prefer vanilla fast-travel destination when available, otherwise keep disabled until transform authority is proven.",2999,836,2111
1337321217,Enable 1013216 > Transform Hook > [Teleport] > [Fixed Locations] > [Misc] > Thornhold,5,Thornhold,destination,Auto Assembler Script,,,True,travel.fixed_location,Movement & Travel,YES_DATA_ENTRY,VANILLA_FAST_TRAVEL_OR_NATIVE,DATA_PRESERVED_RUNTIME_ROUTE_UNSOLVED,"raw qwords=(4633,778,3245); prefer vanilla fast-travel destination when available, otherwise keep disabled until transform authority is proven.",4633,778,3245
1337321218,Enable 1013216 > Transform Hook > [Teleport] > [Fixed Locations] > [Misc] > [Revelwood] Mark of Sameth,5,[Revelwood] Mark of Sameth,destination,Auto Assembler Script,,,True,travel.fixed_location,Movement & Travel,YES_DATA_ENTRY,VANILLA_FAST_TRAVEL_OR_NATIVE,DATA_PRESERVED_RUNTIME_ROUTE_UNSOLVED,"raw qwords=(3174,963,3671); prefer vanilla fast-travel destination when available, otherwise keep disabled until transform authority is proven.",3174,963,3671
1337321219,Enable 1013216 > Transform Hook > [Teleport] > [Fixed Locations] > [Misc] > [Revelwood] Glennwood's End,5,[Revelwood] Glennwood's End,destination,Auto Assembler Script,,,True,travel.fixed_location,Movement & Travel,YES_DATA_ENTRY,VANILLA_FAST_TRAVEL_OR_NATIVE,DATA_PRESERVED_RUNTIME_ROUTE_UNSOLVED,"raw qwords=(3517,942,4311); prefer vanilla fast-travel destination when available, otherwise keep disabled until transform authority is proven.",3517,942,4311
1337321220,Enable 1013216 > Transform Hook > [Teleport] > [Fixed Locations] > [Misc] > [Revelwood] Abonded Hunter Camp,5,[Revelwood] Abonded Hunter Camp,destination,Auto Assembler Script,,,True,travel.fixed_location,Movement & Travel,YES_DATA_ENTRY,VANILLA_FAST_TRAVEL_OR_NATIVE,DATA_PRESERVED_RUNTIME_ROUTE_UNSOLVED,"raw qwords=(4205,810,4298); prefer vanilla fast-travel destination when available, otherwise keep disabled until transform authority is proven.",4205,810,4298
1337321221,Enable 1013216 > Transform Hook > [Teleport] > [Fixed Locations] > [Misc] > [Revelwood] Anicent Bridge,5,[Revelwood] Anicent Bridge,destination,Auto Assembler Script,,,True,travel.fixed_location,Movement & Travel,YES_DATA_ENTRY,VANILLA_FAST_TRAVEL_OR_NATIVE,DATA_PRESERVED_RUNTIME_ROUTE_UNSOLVED,"raw qwords=(4498,788,4416); prefer vanilla fast-travel destination when available, otherwise keep disabled until transform authority is proven.",4498,788,4416
1337321222,Enable 1013216 > Transform Hook > [Teleport] > [Fixed Locations] > [Misc] > [Revelwood] Hidden Hollow Tomb,5,[Revelwood] Hidden Hollow Tomb,destination,Auto Assembler Script,,,True,travel.fixed_location,Movement & Travel,YES_DATA_ENTRY,VANILLA_FAST_TRAVEL_OR_NATIVE,DATA_PRESERVED_RUNTIME_ROUTE_UNSOLVED,"raw qwords=(4055,837,3993); prefer vanilla fast-travel destination when available, otherwise keep disabled until transform authority is proven.",4055,837,3993
1337321223,Enable 1013216 > Transform Hook > [Teleport] > [Fixed Locations] > [Misc] > [Revelwood] Abonded Hunter Camp (Cave),5,[Revelwood] Abonded Hunter Camp (Cave),destination,Auto Assembler Script,,,True,travel.fixed_location,Movement & Travel,YES_DATA_ENTRY,VANILLA_FAST_TRAVEL_OR_NATIVE,DATA_PRESERVED_RUNTIME_ROUTE_UNSOLVED,"raw qwords=(3686,901,3962); prefer vanilla fast-travel destination when available, otherwise keep disabled until transform authority is proven.",3686,901,3962
1337321224,Enable 1013216 > Transform Hook > [Teleport] > [Fixed Locations] > [Misc] > [Revelwood] Blue Goblet Tavern,5,[Revelwood] Blue Goblet Tavern,destination,Auto Assembler Script,,,True,travel.fixed_location,Movement & Travel,YES_DATA_ENTRY,VANILLA_FAST_TRAVEL_OR_NATIVE,DATA_PRESERVED_RUNTIME_ROUTE_UNSOLVED,"raw qwords=(3381,942,3806); prefer vanilla fast-travel destination when available, otherwise keep disabled until transform authority is proven.",3381,942,3806
1337321225,Enable 1013216 > Transform Hook > [Teleport] > [Fixed Locations] > [Misc] > [Revelwood] Diadwyn,5,[Revelwood] Diadwyn,destination,Auto Assembler Script,,,True,travel.fixed_location,Movement & Travel,YES_DATA_ENTRY,VANILLA_FAST_TRAVEL_OR_NATIVE,DATA_PRESERVED_RUNTIME_ROUTE_UNSOLVED,"raw qwords=(3559,884,3564); prefer vanilla fast-travel destination when available, otherwise keep disabled until transform authority is proven.",3559,884,3564
1337321226,Enable 1013216 > Transform Hook > [Teleport] > [Fixed Locations] > [Misc] > Pikemeads's Reach,5,Pikemeads's Reach,destination,Auto Assembler Script,,,True,travel.fixed_location,Movement & Travel,YES_DATA_ENTRY,VANILLA_FAST_TRAVEL_OR_NATIVE,DATA_PRESERVED_RUNTIME_ROUTE_UNSOLVED,"raw qwords=(5304,803,4141); prefer vanilla fast-travel destination when available, otherwise keep disabled until transform authority is proven.",5304,803,4141
1337321227,Enable 1013216 > Transform Hook > [Teleport] > [Fixed Locations] > [Misc] > Fort Kelvin,5,Fort Kelvin,destination,Auto Assembler Script,,,True,travel.fixed_location,Movement & Travel,YES_DATA_ENTRY,VANILLA_FAST_TRAVEL_OR_NATIVE,DATA_PRESERVED_RUNTIME_ROUTE_UNSOLVED,"raw qwords=(4403,775,2733); prefer vanilla fast-travel destination when available, otherwise keep disabled until transform authority is proven.",4403,775,2733
1337321228,Enable 1013216 > Transform Hook > [Teleport] > [Fixed Locations] > [Misc] > Gate of the Pillars of Creation,5,Gate of the Pillars of Creation,destination,Auto Assembler Script,,,True,travel.fixed_location,Movement & Travel,YES_DATA_ENTRY,VANILLA_FAST_TRAVEL_OR_NATIVE,DATA_PRESERVED_RUNTIME_ROUTE_UNSOLVED,"raw qwords=(4947,790,2896); prefer vanilla fast-travel destination when available, otherwise keep disabled until transform authority is proven.",4947,790,2896
1337321229,Enable 1013216 > Transform Hook > [Teleport] > [Fixed Locations] > [Misc] > White Wind,5,White Wind,destination,Auto Assembler Script,,,True,travel.fixed_location,Movement & Travel,YES_DATA_ENTRY,VANILLA_FAST_TRAVEL_OR_NATIVE,DATA_PRESERVED_RUNTIME_ROUTE_UNSOLVED,"raw qwords=(4836,749,3713); prefer vanilla fast-travel destination when available, otherwise keep disabled until transform authority is proven.",4836,749,3713
1337321230,Enable 1013216 > Transform Hook > [Teleport] > [Fixed Locations] > [Misc] > Alchemist Tower,5,Alchemist Tower,destination,Auto Assembler Script,,,True,travel.fixed_location,Movement & Travel,YES_DATA_ENTRY,VANILLA_FAST_TRAVEL_OR_NATIVE,DATA_PRESERVED_RUNTIME_ROUTE_UNSOLVED,"raw qwords=(3880,784,2901); prefer vanilla fast-travel destination when available, otherwise keep disabled until transform authority is proven.",3880,784,2901
1337321231,Enable 1013216 > Transform Hook > [Teleport] > [Fixed Locations] > [Misc] > [Blackmire] Sunken Ancient City,5,[Blackmire] Sunken Ancient City,destination,Auto Assembler Script,,,True,travel.fixed_location,Movement & Travel,YES_DATA_ENTRY,VANILLA_FAST_TRAVEL_OR_NATIVE,DATA_PRESERVED_RUNTIME_ROUTE_UNSOLVED,"raw qwords=(3567,618,5804); prefer vanilla fast-travel destination when available, otherwise keep disabled until transform authority is proven.",3567,618,5804
1337321232,Enable 1013216 > Transform Hook > [Teleport] > [Fixed Locations] > [Misc] > [Blackmire] Hidden Temple,5,[Blackmire] Hidden Temple,destination,Auto Assembler Script,,,True,travel.fixed_location,Movement & Travel,YES_DATA_ENTRY,VANILLA_FAST_TRAVEL_OR_NATIVE,DATA_PRESERVED_RUNTIME_ROUTE_UNSOLVED,"raw qwords=(2816,691,5913); prefer vanilla fast-travel destination when available, otherwise keep disabled until transform authority is proven.",2816,691,5913
1337321233,Enable 1013216 > Transform Hook > [Teleport] > [Fixed Locations] > [Misc] > [Blackmire] Snapjaw Tar Pits,5,[Blackmire] Snapjaw Tar Pits,destination,Auto Assembler Script,,,True,travel.fixed_location,Movement & Travel,YES_DATA_ENTRY,VANILLA_FAST_TRAVEL_OR_NATIVE,DATA_PRESERVED_RUNTIME_ROUTE_UNSOLVED,"raw qwords=(3139,669,5503); prefer vanilla fast-travel destination when available, otherwise keep disabled until transform authority is proven.",3139,669,5503
1337321234,Enable 1013216 > Transform Hook > [Teleport] > [Fixed Locations] > [Misc] > [Blackmire] Treeto Vukah Settlement,5,[Blackmire] Treeto Vukah Settlement,destination,Auto Assembler Script,,,True,travel.fixed_location,Movement & Travel,YES_DATA_ENTRY,VANILLA_FAST_TRAVEL_OR_NATIVE,DATA_PRESERVED_RUNTIME_ROUTE_UNSOLVED,"raw qwords=(2641,740,5712); prefer vanilla fast-travel destination when available, otherwise keep disabled until transform authority is proven.",2641,740,5712
1337321235,Enable 1013216 > Transform Hook > [Teleport] > [Fixed Locations] > [Misc] > [Blackmire] Hand Drum Location,5,[Blackmire] Hand Drum Location,destination,Auto Assembler Script,,,True,travel.fixed_location,Movement & Travel,YES_DATA_ENTRY,VANILLA_FAST_TRAVEL_OR_NATIVE,DATA_PRESERVED_RUNTIME_ROUTE_UNSOLVED,"raw qwords=(2500,950,5775); prefer vanilla fast-travel destination when available, otherwise keep disabled until transform authority is proven.",2500,950,5775
1337321236,Enable 1013216 > Transform Hook > [Teleport] > [Fixed Locations] > [Misc] > [Blackmire] Hidden Temple,5,[Blackmire] Hidden Temple,destination,Auto Assembler Script,,,True,travel.fixed_location,Movement & Travel,YES_DATA_ENTRY,VANILLA_FAST_TRAVEL_OR_NATIVE,DATA_PRESERVED_RUNTIME_ROUTE_UNSOLVED,"raw qwords=(2816,691,5913); prefer vanilla fast-travel destination when available, otherwise keep disabled until transform authority is proven.",2816,691,5913
1337321237,Enable 1013216 > Transform Hook > [Teleport] > [Fixed Locations] > [Misc] > [Blackmire] Hermit Camp,5,[Blackmire] Hermit Camp,destination,Auto Assembler Script,,,True,travel.fixed_location,Movement & Travel,YES_DATA_ENTRY,VANILLA_FAST_TRAVEL_OR_NATIVE,DATA_PRESERVED_RUNTIME_ROUTE_UNSOLVED,"raw qwords=(3761,653,5789); prefer vanilla fast-travel destination when available, otherwise keep disabled until transform authority is proven.",3761,653,5789
1337321238,Enable 1013216 > Transform Hook > [Teleport] > [Fixed Locations] > [Misc] > [Nomad Highlands] Harp,5,[Nomad Highlands] Harp,destination,Auto Assembler Script,,,True,travel.fixed_location,Movement & Travel,YES_DATA_ENTRY,VANILLA_FAST_TRAVEL_OR_NATIVE,DATA_PRESERVED_RUNTIME_ROUTE_UNSOLVED,"raw qwords=(6283,814,2357); prefer vanilla fast-travel destination when available, otherwise keep disabled until transform authority is proven.",6283,814,2357
1337321239,Enable 1013216 > Transform Hook > [Teleport] > [Fixed Locations] > [Misc] > [Nomad Highlands] Sapphire Strand,5,[Nomad Highlands] Sapphire Strand,destination,Auto Assembler Script,,,True,travel.fixed_location,Movement & Travel,YES_DATA_ENTRY,VANILLA_FAST_TRAVEL_OR_NATIVE,DATA_PRESERVED_RUNTIME_ROUTE_UNSOLVED,"raw qwords=(-3115365042233533011,-4859383997932764392,-9140831333885408944); prefer vanilla fast-travel destination when available, otherwise keep disabled until transform authority is proven.",-3115365042233533011,-4859383997932764392,-9140831333885408944
1337321240,Enable 1013216 > Transform Hook > [Teleport] > [Fixed Locations] > [Misc] > [Nomad Highlands] Inner Sanctum,5,[Nomad Highlands] Inner Sanctum,destination,Auto Assembler Script,,,True,travel.fixed_location,Movement & Travel,YES_DATA_ENTRY,VANILLA_FAST_TRAVEL_OR_NATIVE,DATA_PRESERVED_RUNTIME_ROUTE_UNSOLVED,"raw qwords=(5309,866,2938); prefer vanilla fast-travel destination when available, otherwise keep disabled until transform authority is proven.",5309,866,2938
1337321241,Enable 1013216 > Transform Hook > [Teleport] > [Fixed Locations] > [Misc] > [Nomad Highlands] Conway Camp,5,[Nomad Highlands] Conway Camp,destination,Auto Assembler Script,,,True,travel.fixed_location,Movement & Travel,YES_DATA_ENTRY,VANILLA_FAST_TRAVEL_OR_NATIVE,DATA_PRESERVED_RUNTIME_ROUTE_UNSOLVED,"raw qwords=(-4985484787499132866,4611686018427388642,2762); prefer vanilla fast-travel destination when available, otherwise keep disabled until transform authority is proven.",-4985484787499132866,4611686018427388642,2762
1337321242,Enable 1013216 > Transform Hook > [Teleport] > [Fixed Locations] > [Misc] > [Nomad Highlands] Raven's Keep,5,[Nomad Highlands] Raven's Keep,destination,Auto Assembler Script,,,True,travel.fixed_location,Movement & Travel,YES_DATA_ENTRY,VANILLA_FAST_TRAVEL_OR_NATIVE,DATA_PRESERVED_RUNTIME_ROUTE_UNSOLVED,"raw qwords=(5689,855,2167); prefer vanilla fast-travel destination when available, otherwise keep disabled until transform authority is proven.",5689,855,2167
1337321243,Enable 1013216 > Transform Hook > [Teleport] > [Fixed Locations] > [Misc] > [Nomad Highlands] Dragoncave,5,[Nomad Highlands] Dragoncave,destination,Auto Assembler Script,,,True,travel.fixed_location,Movement & Travel,YES_DATA_ENTRY,VANILLA_FAST_TRAVEL_OR_NATIVE,DATA_PRESERVED_RUNTIME_ROUTE_UNSOLVED,"raw qwords=(5316,811,2093); prefer vanilla fast-travel destination when available, otherwise keep disabled until transform authority is proven.",5316,811,2093
1337321244,Enable 1013216 > Transform Hook > [Teleport] > [Fixed Locations] > [Misc] > [Nomad Highlands] Vukah Ceremony Hill,5,[Nomad Highlands] Vukah Ceremony Hill,destination,Auto Assembler Script,,,True,travel.fixed_location,Movement & Travel,YES_DATA_ENTRY,VANILLA_FAST_TRAVEL_OR_NATIVE,DATA_PRESERVED_RUNTIME_ROUTE_UNSOLVED,"raw qwords=(5169,710,1401); prefer vanilla fast-travel destination when available, otherwise keep disabled until transform authority is proven.",5169,710,1401
1337321245,Enable 1013216 > Transform Hook > [Teleport] > [Fixed Locations] > [Misc] > [Nomad Highlands] Trade Outpost Blazing Rock,5,[Nomad Highlands] Trade Outpost Blazing Rock,destination,Auto Assembler Script,,,True,travel.fixed_location,Movement & Travel,YES_DATA_ENTRY,VANILLA_FAST_TRAVEL_OR_NATIVE,DATA_PRESERVED_RUNTIME_ROUTE_UNSOLVED,"raw qwords=(5908,831,2723); prefer vanilla fast-travel destination when available, otherwise keep disabled until transform authority is proven.",5908,831,2723
1337321246,Enable 1013216 > Transform Hook > [Teleport] > [Fixed Locations] > [Misc] > [Nomad Highlands] Rattlebleak,5,[Nomad Highlands] Rattlebleak,destination,Auto Assembler Script,,,True,travel.fixed_location,Movement & Travel,YES_DATA_ENTRY,VANILLA_FAST_TRAVEL_OR_NATIVE,DATA_PRESERVED_RUNTIME_ROUTE_UNSOLVED,"raw qwords=(6234,832,3634); prefer vanilla fast-travel destination when available, otherwise keep disabled until transform authority is proven.",6234,832,3634
1337321247,Enable 1013216 > Transform Hook > [Teleport] > [Fixed Locations] > [Misc] > [Nomad Highlands] Lupa's Lair,5,[Nomad Highlands] Lupa's Lair,destination,Auto Assembler Script,,,True,travel.fixed_location,Movement & Travel,YES_DATA_ENTRY,VANILLA_FAST_TRAVEL_OR_NATIVE,DATA_PRESERVED_RUNTIME_ROUTE_UNSOLVED,"raw qwords=(6801,831,2713); prefer vanilla fast-travel destination when available, otherwise keep disabled until transform authority is proven.",6801,831,2713
1337321248,Enable 1013216 > Transform Hook > [Teleport] > [Fixed Locations] > [Misc] > [Nomad Highlands] Surat's Rest,5,[Nomad Highlands] Surat's Rest,destination,Auto Assembler Script,,,True,travel.fixed_location,Movement & Travel,YES_DATA_ENTRY,VANILLA_FAST_TRAVEL_OR_NATIVE,DATA_PRESERVED_RUNTIME_ROUTE_UNSOLVED,"raw qwords=(5922,784,1357); prefer vanilla fast-travel destination when available, otherwise keep disabled until transform authority is proven.",5922,784,1357
1337321249,Enable 1013216 > Transform Hook > [Teleport] > [Fixed Locations] > [Misc] > [Nomad Highlands] Surat's Rest 2,5,[Nomad Highlands] Surat's Rest 2,destination,Auto Assembler Script,,,True,travel.fixed_location,Movement & Travel,YES_DATA_ENTRY,VANILLA_FAST_TRAVEL_OR_NATIVE,DATA_PRESERVED_RUNTIME_ROUTE_UNSOLVED,"raw qwords=(5770,808,1338); prefer vanilla fast-travel destination when available, otherwise keep disabled until transform authority is proven.",5770,808,1338
1337321250,Enable 1013216 > Transform Hook > [Teleport] > [Fixed Locations] > [Misc] > [Nomad Highlands] Boneshard Excavation Camp,5,[Nomad Highlands] Boneshard Excavation Camp,destination,Auto Assembler Script,,,True,travel.fixed_location,Movement & Travel,YES_DATA_ENTRY,VANILLA_FAST_TRAVEL_OR_NATIVE,DATA_PRESERVED_RUNTIME_ROUTE_UNSOLVED,"raw qwords=(7901,798,2604); prefer vanilla fast-travel destination when available, otherwise keep disabled until transform authority is proven.",7901,798,2604
1337321251,Enable 1013216 > Transform Hook > [Teleport] > [Fixed Locations] > [Misc] > [Nomad Highlands] Chest,5,[Nomad Highlands] Chest,destination,Auto Assembler Script,,,True,travel.fixed_location,Movement & Travel,YES_DATA_ENTRY,VANILLA_FAST_TRAVEL_OR_NATIVE,DATA_PRESERVED_RUNTIME_ROUTE_UNSOLVED,"raw qwords=(6708,869,3529); prefer vanilla fast-travel destination when available, otherwise keep disabled until transform authority is proven.",6708,869,3529
1337321252,Enable 1013216 > Transform Hook > [Teleport] > [Fixed Locations] > [Misc] > [Nomad Highlands] Chest,5,[Nomad Highlands] Chest,destination,Auto Assembler Script,,,True,travel.fixed_location,Movement & Travel,YES_DATA_ENTRY,VANILLA_FAST_TRAVEL_OR_NATIVE,DATA_PRESERVED_RUNTIME_ROUTE_UNSOLVED,"raw qwords=(6708,869,3529); prefer vanilla fast-travel destination when available, otherwise keep disabled until transform authority is proven.",6708,869,3529
1337321253,Enable 1013216 > Transform Hook > [Teleport] > [Fixed Locations] > [Misc] > [Nomad Highlands] Chest,5,[Nomad Highlands] Chest,destination,Auto Assembler Script,,,True,travel.fixed_location,Movement & Travel,YES_DATA_ENTRY,VANILLA_FAST_TRAVEL_OR_NATIVE,DATA_PRESERVED_RUNTIME_ROUTE_UNSOLVED,"raw qwords=(6708,869,3529); prefer vanilla fast-travel destination when available, otherwise keep disabled until transform authority is proven.",6708,869,3529
1337321254,Enable 1013216 > Transform Hook > [Teleport] > [Fixed Locations] > [Misc] > [Nomad Highlands] Chest,5,[Nomad Highlands] Chest,destination,Auto Assembler Script,,,True,travel.fixed_location,Movement & Travel,YES_DATA_ENTRY,VANILLA_FAST_TRAVEL_OR_NATIVE,DATA_PRESERVED_RUNTIME_ROUTE_UNSOLVED,"raw qwords=(6708,869,3529); prefer vanilla fast-travel destination when available, otherwise keep disabled until transform authority is proven.",6708,869,3529
1337321255,Enable 1013216 > Transform Hook > [Teleport] > [Fixed Locations] > [Misc] > [Nomad Highlands] Chest,5,[Nomad Highlands] Chest,destination,Auto Assembler Script,,,True,travel.fixed_location,Movement & Travel,YES_DATA_ENTRY,VANILLA_FAST_TRAVEL_OR_NATIVE,DATA_PRESERVED_RUNTIME_ROUTE_UNSOLVED,"raw qwords=(6708,869,3529); prefer vanilla fast-travel destination when available, otherwise keep disabled until transform authority is proven.",6708,869,3529
1337321257,Enable 1013216 > Transform Hook > [Teleport] > [Fixed Locations] > [Misc] > [Nomad Highlands] Chest (In Shroud),5,[Nomad Highlands] Chest (In Shroud),destination,Auto Assembler Script,,,True,travel.fixed_location,Movement & Travel,YES_DATA_ENTRY,VANILLA_FAST_TRAVEL_OR_NATIVE,DATA_PRESERVED_RUNTIME_ROUTE_UNSOLVED,"raw qwords=(4893,812,4284); prefer vanilla fast-travel destination when available, otherwise keep disabled until transform authority is proven.",4893,812,4284
1337321258,Enable 1013216 > Transform Hook > [Teleport] > [Fixed Locations] > [Misc] > [Nomad Highlands] Chest (In Shroud),5,[Nomad Highlands] Chest (In Shroud),destination,Auto Assembler Script,,,True,travel.fixed_location,Movement & Travel,YES_DATA_ENTRY,VANILLA_FAST_TRAVEL_OR_NATIVE,DATA_PRESERVED_RUNTIME_ROUTE_UNSOLVED,"raw qwords=(4893,812,4284); prefer vanilla fast-travel destination when available, otherwise keep disabled until transform authority is proven.",4893,812,4284
1337321259,Enable 1013216 > Transform Hook > [Teleport] > [Fixed Locations] > [Misc] > [Nomad Highlands] Chest (In Shroud),5,[Nomad Highlands] Chest (In Shroud),destination,Auto Assembler Script,,,True,travel.fixed_location,Movement & Travel,YES_DATA_ENTRY,VANILLA_FAST_TRAVEL_OR_NATIVE,DATA_PRESERVED_RUNTIME_ROUTE_UNSOLVED,"raw qwords=(4893,812,4284); prefer vanilla fast-travel destination when available, otherwise keep disabled until transform authority is proven.",4893,812,4284
1337321260,Enable 1013216 > Transform Hook > [Teleport] > [Fixed Locations] > [Misc] > [Nomad Highlands] Deepcut,5,[Nomad Highlands] Deepcut,destination,Auto Assembler Script,,,True,travel.fixed_location,Movement & Travel,YES_DATA_ENTRY,VANILLA_FAST_TRAVEL_OR_NATIVE,DATA_PRESERVED_RUNTIME_ROUTE_UNSOLVED,"raw qwords=(-8690821380918207691,-1222727298831088898,-9138306520180587282); prefer vanilla fast-travel destination when available, otherwise keep disabled until transform authority is proven.",-8690821380918207691,-1222727298831088898,-9138306520180587282
1337321262,Enable 1013216 > Transform Hook > [Teleport] > [Fixed Locations] > [Misc] > [Nomad Highlands] Well Blocks,5,[Nomad Highlands] Well Blocks,destination,Auto Assembler Script,,,True,travel.fixed_location,Movement & Travel,YES_DATA_ENTRY,VANILLA_FAST_TRAVEL_OR_NATIVE,DATA_PRESERVED_RUNTIME_ROUTE_UNSOLVED,"raw qwords=(8545,766,3224); prefer vanilla fast-travel destination when available, otherwise keep disabled until transform authority is proven.",8545,766,3224
1337321263,Enable 1013216 > Transform Hook > [Teleport] > [Fixed Locations] > [Misc] > [Nomad Highlands] East Lapis,5,[Nomad Highlands] East Lapis,destination,Auto Assembler Script,,,True,travel.fixed_location,Movement & Travel,YES_DATA_ENTRY,VANILLA_FAST_TRAVEL_OR_NATIVE,DATA_PRESERVED_RUNTIME_ROUTE_UNSOLVED,"raw qwords=(8965,1020,3432); prefer vanilla fast-travel destination when available, otherwise keep disabled until transform authority is proven.",8965,1020,3432
1337321264,Enable 1013216 > Transform Hook > [Teleport] > [Fixed Locations] > [Misc] > [Nomad Highlands] Brittlebush,5,[Nomad Highlands] Brittlebush,destination,Auto Assembler Script,,,True,travel.fixed_location,Movement & Travel,YES_DATA_ENTRY,VANILLA_FAST_TRAVEL_OR_NATIVE,DATA_PRESERVED_RUNTIME_ROUTE_UNSOLVED,"raw qwords=(7887,822,3059); prefer vanilla fast-travel destination when available, otherwise keep disabled until transform authority is proven.",7887,822,3059
1337321265,Enable 1013216 > Transform Hook > [Teleport] > [Fixed Locations] > [Misc] > [Nomad Highlands] Far Away Fray Tavern,5,[Nomad Highlands] Far Away Fray Tavern,destination,Auto Assembler Script,,,True,travel.fixed_location,Movement & Travel,YES_DATA_ENTRY,VANILLA_FAST_TRAVEL_OR_NATIVE,DATA_PRESERVED_RUNTIME_ROUTE_UNSOLVED,"raw qwords=(7685,816,3137); prefer vanilla fast-travel destination when available, otherwise keep disabled until transform authority is proven.",7685,816,3137
1337321266,Enable 1013216 > Transform Hook > [Teleport] > [Fixed Locations] > [Misc] > [Nomad Highlands] Fanning Ranch,5,[Nomad Highlands] Fanning Ranch,destination,Auto Assembler Script,,,True,travel.fixed_location,Movement & Travel,YES_DATA_ENTRY,VANILLA_FAST_TRAVEL_OR_NATIVE,DATA_PRESERVED_RUNTIME_ROUTE_UNSOLVED,"raw qwords=(6968,833,3515); prefer vanilla fast-travel destination when available, otherwise keep disabled until transform authority is proven.",6968,833,3515
1337321267,Enable 1013216 > Transform Hook > [Teleport] > [Fixed Locations] > [Misc] > [Nomad Highlands] Eldermere Dam Excavation Camp,5,[Nomad Highlands] Eldermere Dam Excavation Camp,destination,Auto Assembler Script,,,True,travel.fixed_location,Movement & Travel,YES_DATA_ENTRY,VANILLA_FAST_TRAVEL_OR_NATIVE,DATA_PRESERVED_RUNTIME_ROUTE_UNSOLVED,"raw qwords=(7773,888,3911); prefer vanilla fast-travel destination when available, otherwise keep disabled until transform authority is proven.",7773,888,3911
1337321268,Enable 1013216 > Transform Hook > [Teleport] > [Fixed Locations] > [Misc] > [Nomad Highlands] Vukah Sacrifice Hill,5,[Nomad Highlands] Vukah Sacrifice Hill,destination,Auto Assembler Script,,,True,travel.fixed_location,Movement & Travel,YES_DATA_ENTRY,VANILLA_FAST_TRAVEL_OR_NATIVE,DATA_PRESERVED_RUNTIME_ROUTE_UNSOLVED,"raw qwords=(8618,1009,3941); prefer vanilla fast-travel destination when available, otherwise keep disabled until transform authority is proven.",8618,1009,3941
1337321269,Enable 1013216 > Transform Hook > [Teleport] > [Fixed Locations] > [Misc] > [Nomad Highlands] Cradle of Dusk,5,[Nomad Highlands] Cradle of Dusk,destination,Auto Assembler Script,,,True,travel.fixed_location,Movement & Travel,YES_DATA_ENTRY,VANILLA_FAST_TRAVEL_OR_NATIVE,DATA_PRESERVED_RUNTIME_ROUTE_UNSOLVED,"raw qwords=(6324,870,3861); prefer vanilla fast-travel destination when available, otherwise keep disabled until transform authority is proven.",6324,870,3861
1337321270,Enable 1013216 > Transform Hook > [Teleport] > [Fixed Locations] > [Misc] > [Nomad Highlands] Rose Shell Burrow,5,[Nomad Highlands] Rose Shell Burrow,destination,Auto Assembler Script,,,True,travel.fixed_location,Movement & Travel,YES_DATA_ENTRY,VANILLA_FAST_TRAVEL_OR_NATIVE,DATA_PRESERVED_RUNTIME_ROUTE_UNSOLVED,"raw qwords=(8342,864,3184); prefer vanilla fast-travel destination when available, otherwise keep disabled until transform authority is proven.",8342,864,3184
1337321271,Enable 1013216 > Transform Hook > [Teleport] > [Fixed Locations] > [Misc] > [Nomad Highlands] Dune Armadillo Camp,5,[Nomad Highlands] Dune Armadillo Camp,destination,Auto Assembler Script,,,True,travel.fixed_location,Movement & Travel,YES_DATA_ENTRY,VANILLA_FAST_TRAVEL_OR_NATIVE,DATA_PRESERVED_RUNTIME_ROUTE_UNSOLVED,"raw qwords=(8010,794,2969); prefer vanilla fast-travel destination when available, otherwise keep disabled until transform authority is proven.",8010,794,2969
1337321272,Enable 1013216 > Transform Hook > [Teleport] > [Fixed Locations] > [Misc] > [Nomad Highlands] Ridgeback (Iron) Mine,5,[Nomad Highlands] Ridgeback (Iron) Mine,destination,Auto Assembler Script,,,True,travel.fixed_location,Movement & Travel,YES_DATA_ENTRY,VANILLA_FAST_TRAVEL_OR_NATIVE,DATA_PRESERVED_RUNTIME_ROUTE_UNSOLVED,"raw qwords=(7938,719,2014); prefer vanilla fast-travel destination when available, otherwise keep disabled until transform authority is proven.",7938,719,2014
1337321273,Enable 1013216 > Transform Hook > [Teleport] > [Fixed Locations] > [Misc] > [Nomad Highlands] Shorewatch,5,[Nomad Highlands] Shorewatch,destination,Auto Assembler Script,,,True,travel.fixed_location,Movement & Travel,YES_DATA_ENTRY,VANILLA_FAST_TRAVEL_OR_NATIVE,DATA_PRESERVED_RUNTIME_ROUTE_UNSOLVED,"raw qwords=(8011,768,1555); prefer vanilla fast-travel destination when available, otherwise keep disabled until transform authority is proven.",8011,768,1555
1337321274,Enable 1013216 > Transform Hook > [Teleport] > [Fixed Locations] > [Misc] > [Nomad Highlands] Shorewatch Dog,5,[Nomad Highlands] Shorewatch Dog,destination,Auto Assembler Script,,,True,travel.fixed_location,Movement & Travel,YES_DATA_ENTRY,VANILLA_FAST_TRAVEL_OR_NATIVE,DATA_PRESERVED_RUNTIME_ROUTE_UNSOLVED,"raw qwords=(7992,763,1599); prefer vanilla fast-travel destination when available, otherwise keep disabled until transform authority is proven.",7992,763,1599
1337321275,Enable 1013216 > Transform Hook > [Teleport] > [Fixed Locations] > [Misc] > [Albaneve Summits ] The Pit,5,[Albaneve Summits ] The Pit,destination,Auto Assembler Script,,,True,travel.fixed_location,Movement & Travel,YES_DATA_ENTRY,VANILLA_FAST_TRAVEL_OR_NATIVE,DATA_PRESERVED_RUNTIME_ROUTE_UNSOLVED,"raw qwords=(8824,1058,4200); prefer vanilla fast-travel destination when available, otherwise keep disabled until transform authority is proven.",8824,1058,4200
1337321276,Enable 1013216 > Transform Hook > [Teleport] > [Fixed Locations] > [Misc] > [Albaneve Summits ] The Pit Watch Tower,5,[Albaneve Summits ] The Pit Watch Tower,destination,Auto Assembler Script,,,True,travel.fixed_location,Movement & Travel,YES_DATA_ENTRY,VANILLA_FAST_TRAVEL_OR_NATIVE,DATA_PRESERVED_RUNTIME_ROUTE_UNSOLVED,"raw qwords=(8847,1280,4226); prefer vanilla fast-travel destination when available, otherwise keep disabled until transform authority is proven.",8847,1280,4226
1337321277,Enable 1013216 > Transform Hook > [Teleport] > [Fixed Locations] > [Misc] > [Albaneve Summits ] Gateaway Outpost Drifa,5,[Albaneve Summits ] Gateaway Outpost Drifa,destination,Auto Assembler Script,,,True,travel.fixed_location,Movement & Travel,YES_DATA_ENTRY,VANILLA_FAST_TRAVEL_OR_NATIVE,DATA_PRESERVED_RUNTIME_ROUTE_UNSOLVED,"raw qwords=(8568,1154,4639); prefer vanilla fast-travel destination when available, otherwise keep disabled until transform authority is proven.",8568,1154,4639
1337321278,Enable 1013216 > Transform Hook > [Teleport] > [Fixed Locations] > [Misc] > [Albaneve Summits ] Gateaway Outpost Drifa Chest,5,[Albaneve Summits ] Gateaway Outpost Drifa Chest,destination,Auto Assembler Script,,,True,travel.fixed_location,Movement & Travel,YES_DATA_ENTRY,VANILLA_FAST_TRAVEL_OR_NATIVE,DATA_PRESERVED_RUNTIME_ROUTE_UNSOLVED,"raw qwords=(8566,1170,4686); prefer vanilla fast-travel destination when available, otherwise keep disabled until transform authority is proven.",8566,1170,4686
1337321279,Enable 1013216 > Transform Hook > [Teleport] > [Fixed Locations] > [Misc] > [Albaneve Summits ] Gateaway Outpost Drifa Chest 2,5,[Albaneve Summits ] Gateaway Outpost Drifa Chest 2,destination,Auto Assembler Script,,,True,travel.fixed_location,Movement & Travel,YES_DATA_ENTRY,VANILLA_FAST_TRAVEL_OR_NATIVE,DATA_PRESERVED_RUNTIME_ROUTE_UNSOLVED,"raw qwords=(8571,1165,4612); prefer vanilla fast-travel destination when available, otherwise keep disabled until transform authority is proven.",8571,1165,4612
1337321280,Enable 1013216 > Transform Hook > [Teleport] > [Fixed Locations] > [Misc] > [Albaneve Summits ] Wickmouth,5,[Albaneve Summits ] Wickmouth,destination,Auto Assembler Script,,,True,travel.fixed_location,Movement & Travel,YES_DATA_ENTRY,VANILLA_FAST_TRAVEL_OR_NATIVE,DATA_PRESERVED_RUNTIME_ROUTE_UNSOLVED,"raw qwords=(8349,969,4392); prefer vanilla fast-travel destination when available, otherwise keep disabled until transform authority is proven.",8349,969,4392
1337321281,Enable 1013216 > Transform Hook > [Teleport] > [Fixed Locations] > [Misc] > [Albaneve Summits ] Wickmouth Tower,5,[Albaneve Summits ] Wickmouth Tower,destination,Auto Assembler Script,,,True,travel.fixed_location,Movement & Travel,YES_DATA_ENTRY,VANILLA_FAST_TRAVEL_OR_NATIVE,DATA_PRESERVED_RUNTIME_ROUTE_UNSOLVED,"raw qwords=(8197,1016,4293); prefer vanilla fast-travel destination when available, otherwise keep disabled until transform authority is proven.",8197,1016,4293
1337321282,Enable 1013216 > Transform Hook > [Teleport] > [Fixed Locations] > [Misc] > [Albaneve Summits ] Balefire Garrision Silkfrost,5,[Albaneve Summits ] Balefire Garrision Silkfrost,destination,Auto Assembler Script,,,True,travel.fixed_location,Movement & Travel,YES_DATA_ENTRY,VANILLA_FAST_TRAVEL_OR_NATIVE,DATA_PRESERVED_RUNTIME_ROUTE_UNSOLVED,"raw qwords=(8153,1165,4742); prefer vanilla fast-travel destination when available, otherwise keep disabled until transform authority is proven.",8153,1165,4742
1337321283,Enable 1013216 > Transform Hook > [Teleport] > [Fixed Locations] > [Misc] > [Albaneve Summits ] Balefire Garrision Silkfrost Chest,5,[Albaneve Summits ] Balefire Garrision Silkfrost Chest,destination,Auto Assembler Script,,,True,travel.fixed_location,Movement & Travel,YES_DATA_ENTRY,VANILLA_FAST_TRAVEL_OR_NATIVE,DATA_PRESERVED_RUNTIME_ROUTE_UNSOLVED,"raw qwords=(8167,1168,4633); prefer vanilla fast-travel destination when available, otherwise keep disabled until transform authority is proven.",8167,1168,4633
1337321284,Enable 1013216 > Transform Hook > [Teleport] > [Fixed Locations] > [Misc] > [Albaneve Summits ] Skeleton Excavation Camp Ony,5,[Albaneve Summits ] Skeleton Excavation Camp Ony,destination,Auto Assembler Script,,,True,travel.fixed_location,Movement & Travel,YES_DATA_ENTRY,VANILLA_FAST_TRAVEL_OR_NATIVE,DATA_PRESERVED_RUNTIME_ROUTE_UNSOLVED,"raw qwords=(8677,1192,5544); prefer vanilla fast-travel destination when available, otherwise keep disabled until transform authority is proven.",8677,1192,5544
1337321285,Enable 1013216 > Transform Hook > [Teleport] > [Fixed Locations] > [Misc] > [Albaneve Summits ] Rothstep,5,[Albaneve Summits ] Rothstep,destination,Auto Assembler Script,,,True,travel.fixed_location,Movement & Travel,YES_DATA_ENTRY,VANILLA_FAST_TRAVEL_OR_NATIVE,DATA_PRESERVED_RUNTIME_ROUTE_UNSOLVED,"raw qwords=(7040,1129,5152); prefer vanilla fast-travel destination when available, otherwise keep disabled until transform authority is proven.",7040,1129,5152
1337321286,Enable 1013216 > Transform Hook > [Teleport] > [Fixed Locations] > [Misc] > [Albaneve Summits ] Rothstep Chest,5,[Albaneve Summits ] Rothstep Chest,destination,Auto Assembler Script,,,True,travel.fixed_location,Movement & Travel,YES_DATA_ENTRY,VANILLA_FAST_TRAVEL_OR_NATIVE,DATA_PRESERVED_RUNTIME_ROUTE_UNSOLVED,"raw qwords=(7038,1143,5172); prefer vanilla fast-travel destination when available, otherwise keep disabled until transform authority is proven.",7038,1143,5172
1337321287,Enable 1013216 > Transform Hook > [Teleport] > [Fixed Locations] > [Misc] > [Albaneve Summits ] Gateway Outpost Alba,5,[Albaneve Summits ] Gateway Outpost Alba,destination,Auto Assembler Script,,,True,travel.fixed_location,Movement & Travel,YES_DATA_ENTRY,VANILLA_FAST_TRAVEL_OR_NATIVE,DATA_PRESERVED_RUNTIME_ROUTE_UNSOLVED,"raw qwords=(7973,1450,5527); prefer vanilla fast-travel destination when available, otherwise keep disabled until transform authority is proven.",7973,1450,5527
1337321288,Enable 1013216 > Transform Hook > [Teleport] > [Fixed Locations] > [Misc] > [Albaneve Summits ] Gateway Outpost Alba Chest,5,[Albaneve Summits ] Gateway Outpost Alba Chest,destination,Auto Assembler Script,,,True,travel.fixed_location,Movement & Travel,YES_DATA_ENTRY,VANILLA_FAST_TRAVEL_OR_NATIVE,DATA_PRESERVED_RUNTIME_ROUTE_UNSOLVED,"raw qwords=(7987,1481,5508); prefer vanilla fast-travel destination when available, otherwise keep disabled until transform authority is proven.",7987,1481,5508
1337321289,Enable 1013216 > Transform Hook > [Teleport] > [Fixed Locations] > [Misc] > [Albaneve Summits ] Small Watchtower,5,[Albaneve Summits ] Small Watchtower,destination,Auto Assembler Script,,,True,travel.fixed_location,Movement & Travel,YES_DATA_ENTRY,VANILLA_FAST_TRAVEL_OR_NATIVE,DATA_PRESERVED_RUNTIME_ROUTE_UNSOLVED,"raw qwords=(6691,909,4383); prefer vanilla fast-travel destination when available, otherwise keep disabled until transform authority is proven.",6691,909,4383
1337321290,Enable 1013216 > Transform Hook > [Teleport] > [Fixed Locations] > [Misc] > [Albaneve Summits ] Elixir Production Site,5,[Albaneve Summits ] Elixir Production Site,destination,Auto Assembler Script,,,True,travel.fixed_location,Movement & Travel,YES_DATA_ENTRY,VANILLA_FAST_TRAVEL_OR_NATIVE,DATA_PRESERVED_RUNTIME_ROUTE_UNSOLVED,"raw qwords=(6834,1003,4639); prefer vanilla fast-travel destination when available, otherwise keep disabled until transform authority is proven.",6834,1003,4639
1337321291,Enable 1013216 > Transform Hook > [Teleport] > [Fixed Locations] > [Misc] > [Albaneve Summits ] Small Brewery,5,[Albaneve Summits ] Small Brewery,destination,Auto Assembler Script,,,True,travel.fixed_location,Movement & Travel,YES_DATA_ENTRY,VANILLA_FAST_TRAVEL_OR_NATIVE,DATA_PRESERVED_RUNTIME_ROUTE_UNSOLVED,"raw qwords=(6942,951,4675); prefer vanilla fast-travel destination when available, otherwise keep disabled until transform authority is proven.",6942,951,4675
1337321292,Enable 1013216 > Transform Hook > [Teleport] > [Fixed Locations] > [Misc] > [Albaneve Summits ] (Elixir Well) Chest,5,[Albaneve Summits ] (Elixir Well) Chest,destination,Auto Assembler Script,,,True,travel.fixed_location,Movement & Travel,YES_DATA_ENTRY,VANILLA_FAST_TRAVEL_OR_NATIVE,DATA_PRESERVED_RUNTIME_ROUTE_UNSOLVED,"raw qwords=(7859,1387,5809); prefer vanilla fast-travel destination when available, otherwise keep disabled until transform authority is proven.",7859,1387,5809
1337321293,Enable 1013216 > Transform Hook > [Teleport] > [Fixed Locations] > [Misc] > [Albaneve Summits ] (Elixir Well) Chest,5,[Albaneve Summits ] (Elixir Well) Chest,destination,Auto Assembler Script,,,True,travel.fixed_location,Movement & Travel,YES_DATA_ENTRY,VANILLA_FAST_TRAVEL_OR_NATIVE,DATA_PRESERVED_RUNTIME_ROUTE_UNSOLVED,"raw qwords=(7859,1387,5809); prefer vanilla fast-travel destination when available, otherwise keep disabled until transform authority is proven.",7859,1387,5809
1337321294,Enable 1013216 > Transform Hook > [Teleport] > [Fixed Locations] > [Misc] > [Albaneve Summits ] Camellia Lake Marlble Quarry,5,[Albaneve Summits ] Camellia Lake Marlble Quarry,destination,Auto Assembler Script,,,True,travel.fixed_location,Movement & Travel,YES_DATA_ENTRY,VANILLA_FAST_TRAVEL_OR_NATIVE,DATA_PRESERVED_RUNTIME_ROUTE_UNSOLVED,"raw qwords=(7006,1051,5035); prefer vanilla fast-travel destination when available, otherwise keep disabled until transform authority is proven.",7006,1051,5035
1337321295,Enable 1013216 > Transform Hook > [Teleport] > [Fixed Locations] > [Misc] > [Albaneve Summits ] Camellia Lake Marlble Quarry 2,5,[Albaneve Summits ] Camellia Lake Marlble Quarry 2,destination,Auto Assembler Script,,,True,travel.fixed_location,Movement & Travel,YES_DATA_ENTRY,VANILLA_FAST_TRAVEL_OR_NATIVE,DATA_PRESERVED_RUNTIME_ROUTE_UNSOLVED,"raw qwords=(7129,1085,5087); prefer vanilla fast-travel destination when available, otherwise keep disabled until transform authority is proven.",7129,1085,5087
1337321296,Enable 1013216 > Transform Hook > [Teleport] > [Fixed Locations] > [Misc] > [Albaneve Summits ] Everfrore Keep,5,[Albaneve Summits ] Everfrore Keep,destination,Auto Assembler Script,,,True,travel.fixed_location,Movement & Travel,YES_DATA_ENTRY,VANILLA_FAST_TRAVEL_OR_NATIVE,DATA_PRESERVED_RUNTIME_ROUTE_UNSOLVED,"raw qwords=(7528,1643,5473); prefer vanilla fast-travel destination when available, otherwise keep disabled until transform authority is proven.",7528,1643,5473
1337321297,Enable 1013216 > Transform Hook > [Teleport] > [Fixed Locations] > [Misc] > [Albaneve Summits ] Balefire Stronghold Ironheart,5,[Albaneve Summits ] Balefire Stronghold Ironheart,destination,Auto Assembler Script,,,True,travel.fixed_location,Movement & Travel,YES_DATA_ENTRY,VANILLA_FAST_TRAVEL_OR_NATIVE,DATA_PRESERVED_RUNTIME_ROUTE_UNSOLVED,"raw qwords=(8021,1297,6714); prefer vanilla fast-travel destination when available, otherwise keep disabled until transform authority is proven.",8021,1297,6714
1337321298,Enable 1013216 > Transform Hook > [Teleport] > [Fixed Locations] > [Misc] > [Albaneve Summits ] House Near Hollow Halls,5,[Albaneve Summits ] House Near Hollow Halls,destination,Auto Assembler Script,,,True,travel.fixed_location,Movement & Travel,YES_DATA_ENTRY,VANILLA_FAST_TRAVEL_OR_NATIVE,DATA_PRESERVED_RUNTIME_ROUTE_UNSOLVED,"raw qwords=(7090,1338,6817); prefer vanilla fast-travel destination when available, otherwise keep disabled until transform authority is proven.",7090,1338,6817
1337321299,Enable 1013216 > Transform Hook > [Teleport] > [Fixed Locations] > [Misc] > [Albaneve Summits ] Elixir Well ,5,[Albaneve Summits ] Elixir Well ,destination,Auto Assembler Script,,,True,travel.fixed_location,Movement & Travel,YES_DATA_ENTRY,VANILLA_FAST_TRAVEL_OR_NATIVE,DATA_PRESERVED_RUNTIME_ROUTE_UNSOLVED,"raw qwords=(7027,1050,6792); prefer vanilla fast-travel destination when available, otherwise keep disabled until transform authority is proven.",7027,1050,6792
1337321300,Enable 1013216 > Transform Hook > [Teleport] > [Fixed Locations] > [Misc] > [Albaneve Summits ] Grassy Pasture Goat Farm,5,[Albaneve Summits ] Grassy Pasture Goat Farm,destination,Auto Assembler Script,,,True,travel.fixed_location,Movement & Travel,YES_DATA_ENTRY,VANILLA_FAST_TRAVEL_OR_NATIVE,DATA_PRESERVED_RUNTIME_ROUTE_UNSOLVED,"raw qwords=(8447,1334,6890); prefer vanilla fast-travel destination when available, otherwise keep disabled until transform authority is proven.",8447,1334,6890
1337321301,Enable 1013216 > Transform Hook > [Teleport] > [Fixed Locations] > [Misc] > [Albaneve Summits ] Bittermelt Lake Small Watchtower,5,[Albaneve Summits ] Bittermelt Lake Small Watchtower,destination,Auto Assembler Script,,,True,travel.fixed_location,Movement & Travel,YES_DATA_ENTRY,VANILLA_FAST_TRAVEL_OR_NATIVE,DATA_PRESERVED_RUNTIME_ROUTE_UNSOLVED,"raw qwords=(6824,1312,5742); prefer vanilla fast-travel destination when available, otherwise keep disabled until transform authority is proven.",6824,1312,5742
1337321302,Enable 1013216 > Transform Hook > [Teleport] > [Fixed Locations] > [Misc] > [Albaneve Summits ] Balefire Garrision White Pine,5,[Albaneve Summits ] Balefire Garrision White Pine,destination,Auto Assembler Script,,,True,travel.fixed_location,Movement & Travel,YES_DATA_ENTRY,VANILLA_FAST_TRAVEL_OR_NATIVE,DATA_PRESERVED_RUNTIME_ROUTE_UNSOLVED,"raw qwords=(6661,1386,5252); prefer vanilla fast-travel destination when available, otherwise keep disabled until transform authority is proven.",6661,1386,5252
1337321303,Enable 1013216 > Transform Hook > [Teleport] > [Fixed Locations] > [Misc] > [Albaneve Summits ] Skeleton Excavation Camp Mae,5,[Albaneve Summits ] Skeleton Excavation Camp Mae,destination,Auto Assembler Script,,,True,travel.fixed_location,Movement & Travel,YES_DATA_ENTRY,VANILLA_FAST_TRAVEL_OR_NATIVE,DATA_PRESERVED_RUNTIME_ROUTE_UNSOLVED,"raw qwords=(7186,1370,5614); prefer vanilla fast-travel destination when available, otherwise keep disabled until transform authority is proven.",7186,1370,5614
1337321304,Enable 1013216 > Transform Hook > [Teleport] > [Fixed Locations] > [Misc] > [Albaneve Summits ] Howling Peak,5,[Albaneve Summits ] Howling Peak,destination,Auto Assembler Script,,,True,travel.fixed_location,Movement & Travel,YES_DATA_ENTRY,VANILLA_FAST_TRAVEL_OR_NATIVE,DATA_PRESERVED_RUNTIME_ROUTE_UNSOLVED,"raw qwords=(7677,1915,6016); prefer vanilla fast-travel destination when available, otherwise keep disabled until transform authority is proven.",7677,1915,6016
1337321334,Enable 1013216 > Transform Hook > [Teleport] > [Fixed Locations] > [Misc] > [Veilwater ] Riverreach (Mill),5,[Veilwater ] Riverreach (Mill),destination,Auto Assembler Script,,,True,travel.fixed_location,Movement & Travel,YES_DATA_ENTRY,VANILLA_FAST_TRAVEL_OR_NATIVE,DATA_PRESERVED_RUNTIME_ROUTE_UNSOLVED,"raw qwords=(-7952231042029447199,-3071454945866677397,4762); prefer vanilla fast-travel destination when available, otherwise keep disabled until transform authority is proven.",-7952231042029447199,-3071454945866677397,4762
1337321335,Enable 1013216 > Transform Hook > [Teleport] > [Fixed Locations] > [Misc] > [Veilwater ] Driftwood Wake,5,[Veilwater ] Driftwood Wake,destination,Auto Assembler Script,,,True,travel.fixed_location,Movement & Travel,YES_DATA_ENTRY,VANILLA_FAST_TRAVEL_OR_NATIVE,DATA_PRESERVED_RUNTIME_ROUTE_UNSOLVED,"raw qwords=(7194500404724373429,819655132181431097,5120); prefer vanilla fast-travel destination when available, otherwise keep disabled until transform authority is proven.",7194500404724373429,819655132181431097,5120
1337321336,Enable 1013216 > Transform Hook > [Teleport] > [Fixed Locations] > [Misc] > [Veilwater ] Winter's Brew Farm,5,[Veilwater ] Winter's Brew Farm,destination,Auto Assembler Script,,,True,travel.fixed_location,Movement & Travel,YES_DATA_ENTRY,VANILLA_FAST_TRAVEL_OR_NATIVE,DATA_PRESERVED_RUNTIME_ROUTE_UNSOLVED,"raw qwords=(909727124728845956,1540231072560710452,5326); prefer vanilla fast-travel destination when available, otherwise keep disabled until transform authority is proven.",909727124728845956,1540231072560710452,5326
1337321337,Enable 1013216 > Transform Hook > [Teleport] > [Fixed Locations] > [Misc] > [Veilwater ] Shipwrecks (Mining Sieve),5,[Veilwater ] Shipwrecks (Mining Sieve),destination,Auto Assembler Script,,,True,travel.fixed_location,Movement & Travel,YES_DATA_ENTRY,VANILLA_FAST_TRAVEL_OR_NATIVE,DATA_PRESERVED_RUNTIME_ROUTE_UNSOLVED,"raw qwords=(-4083638962118191940,4242390848983007994,-9130913528549468581); prefer vanilla fast-travel destination when available, otherwise keep disabled until transform authority is proven.",-4083638962118191940,4242390848983007994,-9130913528549468581
1337321305,Enable 1013216 > Transform Hook > [Teleport] > [Fixed Locations] > [Hollow Halls],4,[Hollow Halls],group,,,,False,travel.teleport.hollow_halls,Movement & Travel,GROUP,NONE,EXTERNAL_ARTIFACT,Preserve table grouping in F7 travel library.,,,
1337321306,Enable 1013216 > Transform Hook > [Teleport] > [Fixed Locations] > [Hollow Halls] > Hollow Halls Springland,5,Hollow Halls Springland,destination,Auto Assembler Script,,,True,travel.fixed_location,Movement & Travel,YES_DATA_ENTRY,VANILLA_FAST_TRAVEL_OR_NATIVE,DATA_PRESERVED_RUNTIME_ROUTE_UNSOLVED,"raw qwords=(2769,985,1505); prefer vanilla fast-travel destination when available, otherwise keep disabled until transform authority is proven.",2769,985,1505
1337321307,Enable 1013216 > Transform Hook > [Teleport] > [Fixed Locations] > [Hollow Halls] > Hollow Halls Revelwood,5,Hollow Halls Revelwood,destination,Auto Assembler Script,,,True,travel.fixed_location,Movement & Travel,YES_DATA_ENTRY,VANILLA_FAST_TRAVEL_OR_NATIVE,DATA_PRESERVED_RUNTIME_ROUTE_UNSOLVED,"raw qwords=(2861,965,3929); prefer vanilla fast-travel destination when available, otherwise keep disabled until transform authority is proven.",2861,965,3929
1337321308,Enable 1013216 > Transform Hook > [Teleport] > [Fixed Locations] > [Hollow Halls] > Hollow Halls Nomad Highlands,5,Hollow Halls Nomad Highlands,destination,Auto Assembler Script,,,True,travel.fixed_location,Movement & Travel,YES_DATA_ENTRY,VANILLA_FAST_TRAVEL_OR_NATIVE,DATA_PRESERVED_RUNTIME_ROUTE_UNSOLVED,"raw qwords=(5938,920,4272); prefer vanilla fast-travel destination when available, otherwise keep disabled until transform authority is proven.",5938,920,4272
1337321314,Enable 1013216 > Transform Hook > [Teleport] > [Fixed Locations] > [Hollow Halls] > Hollow Halls Kindlewastes,5,Hollow Halls Kindlewastes,destination,Auto Assembler Script,,,True,travel.fixed_location,Movement & Travel,YES_DATA_ENTRY,VANILLA_FAST_TRAVEL_OR_NATIVE,DATA_PRESERVED_RUNTIME_ROUTE_UNSOLVED,"raw qwords=(9040,920,3114); prefer vanilla fast-travel destination when available, otherwise keep disabled until transform authority is proven.",9040,920,3114
1337321315,Enable 1013216 > Transform Hook > [Teleport] > [Fixed Locations] > [Hollow Halls] > Hollow Halls Albaneve Summits,5,Hollow Halls Albaneve Summits,destination,Auto Assembler Script,,,True,travel.fixed_location,Movement & Travel,YES_DATA_ENTRY,VANILLA_FAST_TRAVEL_OR_NATIVE,DATA_PRESERVED_RUNTIME_ROUTE_UNSOLVED,"raw qwords=(7496,1371,6845); prefer vanilla fast-travel destination when available, otherwise keep disabled until transform authority is proven.",7496,1371,6845
32671,Enable 1013216 > stack size,1,stack size,action,Auto Assembler Script,,,True,inventory.stack_size,Inventory & Items,YES,RESOURCE,CURRENT_KFC_PROVEN,Historical ItemInfo-related read captures object pointer; child exposes +0x14 ushort. Current KFC proves semantic field ItemInfo.maxStackSize; use RESOURCE backend instead.,,,
32672,Enable 1013216 > stack size > stack size,2,stack size,parameter,2 Bytes,_stack_size,14,False,inventory.stack_size,Inventory & Items,YES,RESOURCE,CURRENT_KFC_PROVEN,Historical ItemInfo-related read captures object pointer; child exposes +0x14 ushort. Current KFC proves semantic field ItemInfo.maxStackSize; use RESOURCE backend instead.,,,
32555,Enable 1013216 > items in slots,1,items in slots,action,Auto Assembler Script,,,True,item.selected_amount,Inventory & Items,YES,NATIVE_OBJECT,EXTERNAL_REMAP_REQUIRED,Historical inventory item write site captures r15 and exposes +4 amount. Duplicate of selected-item Amount; consolidate.,,,
1643,Enable 1013216 > items in slots > items in slots,2,items in slots,parameter,4 Bytes,_items,04,False,item.selected_amount,Inventory & Items,YES,NATIVE_OBJECT,EXTERNAL_REMAP_REQUIRED,Historical inventory item write site captures r15 and exposes +4 amount. Duplicate of selected-item Amount; consolidate.,,,
32677,Enable 1013216 > day time (temporary),1,day time (temporary),action,Auto Assembler Script,,,True,world.time_of_day,World & Game Settings,YES,NATIVE_OR_VANILLA,EXTERNAL_REMAP_REQUIRED,Historical time state hook captures pointer and exposes +0x4C integer. Building Companion independently uses same AOB family with normalized 0..1 control.,,,
32678,Enable 1013216 > day time (temporary) > day time,2,day time,parameter,4 Bytes,_day_time,4c,False,world.time_of_day.value,World & Game Settings,YES_PARAMETER,NATIVE_OR_VANILLA,EXTERNAL_REMAP_REQUIRED,Historical pointer +0x4C; Building Companion provides 0..1 representation lead.,,,
32696,Enable 1013216 > glider,1,glider,action,Auto Assembler Script,,,True,glider.tuning,Camera & Glider,YES,RESOURCE,CURRENT_KFC_PROVEN,Historical runtime pointer capture exposes +0x4A4/+0x4A8/+0x4B0/+0x4B4 values. Current ItemInfo.gliderConfig provides equivalent semantic fields; use RESOURCE backend.,,,
1775,Enable 1013216 > glider > move speed 0.8,2,move speed 0.8,parameter,Float,_glider,4a4,False,glider.tuning.acceleration_forward,Camera & Glider,YES_PARAMETER,RESOURCE,CURRENT_KFC_PROVEN,Map to current ItemInfo.equipment.gliderConfig; do not use historical runtime pointer offset.,,,
1776,Enable 1013216 > glider > lift speed 0.39,2,lift speed 0.39,parameter,Float,_glider,4a8,False,glider.tuning.air_resistance_longitudinal,Camera & Glider,YES_PARAMETER,RESOURCE,CURRENT_KFC_PROVEN,Map to current ItemInfo.equipment.gliderConfig; do not use historical runtime pointer offset.,,,
1777,Enable 1013216 > glider > descend speed 0.7125,2,descend speed 0.7125,parameter,Float,_glider,4b0,False,glider.tuning.air_resistance_vertical,Camera & Glider,YES_PARAMETER,RESOURCE,CURRENT_KFC_PROVEN,Map to current ItemInfo.equipment.gliderConfig; do not use historical runtime pointer offset.,,,
1778,Enable 1013216 > glider > turn speed 70,2,turn speed 70,parameter,Float,_glider,4b4,False,glider.tuning.yaw_angle_speed,Camera & Glider,YES_PARAMETER,RESOURCE,CURRENT_KFC_PROVEN,Map to current ItemInfo.equipment.gliderConfig; do not use historical runtime pointer offset.,,,
1337321323,<ID 1337321323>,0,,action,Auto Assembler Script,,,True,research.internal_helper,Developer / Research,RESEARCH_ONLY,NONE,EXTERNAL_ARTIFACT,"Blank/debug helper tree; keep as research evidence, not user-facing F7 control.",,,
1337321324,<ID 1337321323> > Auto Assemble script,1,Auto Assemble script,action,Auto Assembler Script,,,True,research.internal_helper,Developer / Research,RESEARCH_ONLY,NONE,EXTERNAL_ARTIFACT,"Blank/debug helper tree; keep as research evidence, not user-facing F7 control.",,,
1337321332,<ID 1337321323> > Auto Assemble script > Auto Assemble script,2,Auto Assemble script,action,Auto Assembler Script,,,True,research.internal_helper,Developer / Research,RESEARCH_ONLY,NONE,EXTERNAL_ARTIFACT,"Blank/debug helper tree; keep as research evidence, not user-facing F7 control.",,,
1337321325,<ID 1337321323> > <ID 1337321325>,1,,action,Auto Assembler Script,,,True,research.internal_helper,Developer / Research,RESEARCH_ONLY,NONE,EXTERNAL_ARTIFACT,"Blank/debug helper tree; keep as research evidence, not user-facing F7 control.",,,
1337321326,<ID 1337321323> > x Gravity Handler,1,x Gravity Handler,action,Auto Assembler Script,,,True,research.internal_helper,Developer / Research,RESEARCH_ONLY,NONE,EXTERNAL_ARTIFACT,"Blank/debug helper tree; keep as research evidence, not user-facing F7 control.",,,
1337321327,<ID 1337321323> > x Gravity Handler > [INFO] R = HotKey Enable,2,[INFO] R = HotKey Enable,group,,,,False,research.internal_helper,Developer / Research,RESEARCH_ONLY,NONE,EXTERNAL_ARTIFACT,"Blank/debug helper tree; keep as research evidence, not user-facing F7 control.",,,
1337321328,<ID 1337321323> > x Gravity Handler > [INFO] R = HotKey Enable > [INFO] CTRL = Down,3,[INFO] CTRL = Down,group,,,,False,research.internal_helper,Developer / Research,RESEARCH_ONLY,NONE,EXTERNAL_ARTIFACT,"Blank/debug helper tree; keep as research evidence, not user-facing F7 control.",,,
1337321329,<ID 1337321323> > x Gravity Handler > [INFO] R = HotKey Enable > [INFO] Shift = Up,3,[INFO] Shift = Up,group,,,,False,research.internal_helper,Developer / Research,RESEARCH_ONLY,NONE,EXTERNAL_ARTIFACT,"Blank/debug helper tree; keep as research evidence, not user-facing F7 control.",,,
1337321330,<ID 1337321323> > [Pointer] ID:,1,[Pointer] ID:,group,4 Bytes,pItem,0,False,research.internal_helper,Developer / Research,RESEARCH_ONLY,NONE,EXTERNAL_ARTIFACT,"Blank/debug helper tree; keep as research evidence, not user-facing F7 control.",,,
1337321331,<ID 1337321323> > [Pointer] ID:,1,[Pointer] ID:,group,4 Bytes,pItem,0,False,research.internal_helper,Developer / Research,RESEARCH_ONLY,NONE,EXTERNAL_ARTIFACT,"Blank/debug helper tree; keep as research evidence, not user-facing F7 control.",,,
