path,x,y,z
Enable 1013216 > Transform Hook > [Teleport] > [Fixed Locations] > [Gem Forge] > Springlands,349028971121217051,15235677539394388759,2357
Enable 1013216 > Transform Hook > [Teleport] > [Fixed Locations] > [Fast Travels] > Ancient Spire Spingland,3499,1041,1956
Enable 1013216 > Transform Hook > [Teleport] > [Fixed Locations] > [Fast Travels] > Ancient Spire Low Meadows,4909,865,1659
Enable 1013216 > Transform Hook > [Teleport] > [Fixed Locations] > [Fast Travels] > Ancient Spire Revelwood,3821,978,3644
Enable 1013216 > Transform Hook > [Teleport] > [Fixed Locations] > [Fast Travels] > Ancient Spire Blackmire,3403,847,5562
Enable 1013216 > Transform Hook > [Teleport] > [Fixed Locations] > [Fast Travels] > Ancient Spire Nomad Highlands,6767,992,3766
Enable 1013216 > Transform Hook > [Teleport] > [Fixed Locations] > [Fast Travels] > Ancient Spire Kindlewast,8401,1063,2476
Enable 1013216 > Transform Hook > [Teleport] > [Fixed Locations] > [Fast Travels] > Ancient Spire Albaneve Summits,7442,1341,4943
Enable 1013216 > Transform Hook > [Teleport] > [Fixed Locations] > [Fast Travels] > Ancient Spire Veilwater Besin,-9221120237041085822,-5152117973711846571,-9146862640495061596
Enable 1013216 > Transform Hook > [Teleport] > [Fixed Locations] > [Vaults] > Ancient Vault Blacksmith,3448,851,1837
Enable 1013216 > Transform Hook > [Teleport] > [Fixed Locations] > [Vaults] > Ancient Vault Carpenter,4644,652,1300
Enable 1013216 > Transform Hook > [Teleport] > [Fixed Locations] > [Vaults] > Ancient Vault Huntress,4252,844,1854
Enable 1013216 > Transform Hook > [Teleport] > [Fixed Locations] > [Vaults] > Ancient Vault Alchemist,2690,892,2109
Enable 1013216 > Transform Hook > [Teleport] > [Fixed Locations] > [Vaults] > Ancient Vault Farmer,3391,858,2765
Enable 1013216 > Transform Hook > [Teleport] > [Fixed Locations] > [Vaults] > Ancient Vault Bard,3569,630,5975
Enable 1013216 > Transform Hook > [Teleport] > [Fixed Locations] > [Misc] > Longkeep,3689,845,1401
Enable 1013216 > Transform Hook > [Teleport] > [Fixed Locations] > [Misc] > Morwenna,4446,635,1230
Enable 1013216 > Transform Hook > [Teleport] > [Fixed Locations] > [Misc] > Woodgard,3110,837,1993
Enable 1013216 > Transform Hook > [Teleport] > [Fixed Locations] > [Misc] > Fenrig's Farm,2989264252667169568,3247095331334128468,89803161954421242
Enable 1013216 > Transform Hook > [Teleport] > [Fixed Locations] > [Misc] > Peacful Acres,3020,895,1611
Enable 1013216 > Transform Hook > [Teleport] > [Fixed Locations] > [Misc] > Mistbury Catacombs,3934,799,2655
Enable 1013216 > Transform Hook > [Teleport] > [Fixed Locations] > [Misc] > Egerton Salt Mine,2999,836,2111
Enable 1013216 > Transform Hook > [Teleport] > [Fixed Locations] > [Misc] > Thornhold,4633,778,3245
Enable 1013216 > Transform Hook > [Teleport] > [Fixed Locations] > [Misc] > [Revelwood] Mark of Sameth,3174,963,3671
Enable 1013216 > Transform Hook > [Teleport] > [Fixed Locations] > [Misc] > [Revelwood] Glennwood's End,3517,942,4311
Enable 1013216 > Transform Hook > [Teleport] > [Fixed Locations] > [Misc] > [Revelwood] Abonded Hunter Camp,4205,810,4298
Enable 1013216 > Transform Hook > [Teleport] > [Fixed Locations] > [Misc] > [Revelwood] Anicent Bridge,4498,788,4416
Enable 1013216 > Transform Hook > [Teleport] > [Fixed Locations] > [Misc] > [Revelwood] Hidden Hollow Tomb,4055,837,3993
Enable 1013216 > Transform Hook > [Teleport] > [Fixed Locations] > [Misc] > [Revelwood] Abonded Hunter Camp (Cave),3686,901,3962
Enable 1013216 > Transform Hook > [Teleport] > [Fixed Locations] > [Misc] > [Revelwood] Blue Goblet Tavern,3381,942,3806
Enable 1013216 > Transform Hook > [Teleport] > [Fixed Locations] > [Misc] > [Revelwood] Diadwyn,3559,884,3564
Enable 1013216 > Transform Hook > [Teleport] > [Fixed Locations] > [Misc] > Pikemeads's Reach,5304,803,4141
Enable 1013216 > Transform Hook > [Teleport] > [Fixed Locations] > [Misc] > Fort Kelvin,4403,775,2733
Enable 1013216 > Transform Hook > [Teleport] > [Fixed Locations] > [Misc] > Gate of the Pillars of Creation,4947,790,2896
Enable 1013216 > Transform Hook > [Teleport] > [Fixed Locations] > [Misc] > White Wind,4836,749,3713
Enable 1013216 > Transform Hook > [Teleport] > [Fixed Locations] > [Misc] > Alchemist Tower,3880,784,2901
Enable 1013216 > Transform Hook > [Teleport] > [Fixed Locations] > [Misc] > [Blackmire] Sunken Ancient City,3567,618,5804
Enable 1013216 > Transform Hook > [Teleport] > [Fixed Locations] > [Misc] > [Blackmire] Hidden Temple,3317,655,5351
Enable 1013216 > Transform Hook > [Teleport] > [Fixed Locations] > [Misc] > [Blackmire] Snapjaw Tar Pits,3139,669,5503
Enable 1013216 > Transform Hook > [Teleport] > [Fixed Locations] > [Misc] > [Blackmire] Treeto Vukah Settlement,2641,740,5712
Enable 1013216 > Transform Hook > [Teleport] > [Fixed Locations] > [Misc] > [Blackmire] Hand Drum Location,2500,950,5775
Enable 1013216 > Transform Hook > [Teleport] > [Fixed Locations] > [Misc] > [Blackmire] Hidden Temple,2816,691,5913
Enable 1013216 > Transform Hook > [Teleport] > [Fixed Locations] > [Misc] > [Blackmire] Hermit Camp,3761,653,5789
Enable 1013216 > Transform Hook > [Teleport] > [Fixed Locations] > [Misc] > [Nomad Highlands] Harp,6283,814,2357
Enable 1013216 > Transform Hook > [Teleport] > [Fixed Locations] > [Misc] > [Nomad Highlands] Sapphire Strand,-3115365042233533011,-4859383997932764392,-9140831333885408944
Enable 1013216 > Transform Hook > [Teleport] > [Fixed Locations] > [Misc] > [Nomad Highlands] Inner Sanctum,5309,866,2938
Enable 1013216 > Transform Hook > [Teleport] > [Fixed Locations] > [Misc] > [Nomad Highlands] Conway Camp,-4985484787499132866,4611686018427388642,2762
Enable 1013216 > Transform Hook > [Teleport] > [Fixed Locations] > [Misc] > [Nomad Highlands] Raven's Keep,5689,855,2167
Enable 1013216 > Transform Hook > [Teleport] > [Fixed Locations] > [Misc] > [Nomad Highlands] Dragoncave,5316,811,2093
Enable 1013216 > Transform Hook > [Teleport] > [Fixed Locations] > [Misc] > [Nomad Highlands] Vukah Ceremony Hill,5169,710,1401
Enable 1013216 > Transform Hook > [Teleport] > [Fixed Locations] > [Misc] > [Nomad Highlands] Trade Outpost Blazing Rock,5908,831,2723
Enable 1013216 > Transform Hook > [Teleport] > [Fixed Locations] > [Misc] > [Nomad Highlands] Rattlebleak,6234,832,3634
Enable 1013216 > Transform Hook > [Teleport] > [Fixed Locations] > [Misc] > [Nomad Highlands] Lupa's Lair,6801,831,2713
Enable 1013216 > Transform Hook > [Teleport] > [Fixed Locations] > [Misc] > [Nomad Highlands] Surat's Rest,5922,784,1357
Enable 1013216 > Transform Hook > [Teleport] > [Fixed Locations] > [Misc] > [Nomad Highlands] Surat's Rest 2,5770,808,1338
Enable 1013216 > Transform Hook > [Teleport] > [Fixed Locations] > [Misc] > [Nomad Highlands] Boneshard Excavation Camp,7901,798,2604
Enable 1013216 > Transform Hook > [Teleport] > [Fixed Locations] > [Misc] > [Nomad Highlands] Chest,5993,870,2705
Enable 1013216 > Transform Hook > [Teleport] > [Fixed Locations] > [Misc] > [Nomad Highlands] Chest,6303,829,3612
Enable 1013216 > Transform Hook > [Teleport] > [Fixed Locations] > [Misc] > [Nomad Highlands] Chest,6288,825,2368
Enable 1013216 > Transform Hook > [Teleport] > [Fixed Locations] > [Misc] > [Nomad Highlands] Chest,6715,835,3528
Enable 1013216 > Transform Hook > [Teleport] > [Fixed Locations] > [Misc] > [Nomad Highlands] Chest,6708,869,3529
Enable 1013216 > Transform Hook > [Teleport] > [Fixed Locations] > [Misc] > [Nomad Highlands] Chest (In Shroud),6215,715,3034
Enable 1013216 > Transform Hook > [Teleport] > [Fixed Locations] > [Misc] > [Nomad Highlands] Chest (In Shroud),7716,812,3391
Enable 1013216 > Transform Hook > [Teleport] > [Fixed Locations] > [Misc] > [Nomad Highlands] Chest (In Shroud),4893,812,4284
Enable 1013216 > Transform Hook > [Teleport] > [Fixed Locations] > [Misc] > [Nomad Highlands] Deepcut,-8690821380918207691,-1222727298831088898,-9138306520180587282
Enable 1013216 > Transform Hook > [Teleport] > [Fixed Locations] > [Misc] > [Nomad Highlands] Well Blocks,8545,766,3224
Enable 1013216 > Transform Hook > [Teleport] > [Fixed Locations] > [Misc] > [Nomad Highlands] East Lapis,8965,1020,3432
Enable 1013216 > Transform Hook > [Teleport] > [Fixed Locations] > [Misc] > [Nomad Highlands] Brittlebush,7887,822,3059
Enable 1013216 > Transform Hook > [Teleport] > [Fixed Locations] > [Misc] > [Nomad Highlands] Far Away Fray Tavern,7685,816,3137
Enable 1013216 > Transform Hook > [Teleport] > [Fixed Locations] > [Misc] > [Nomad Highlands] Fanning Ranch,6968,833,3515
Enable 1013216 > Transform Hook > [Teleport] > [Fixed Locations] > [Misc] > [Nomad Highlands] Eldermere Dam Excavation Camp,7773,888,3911
Enable 1013216 > Transform Hook > [Teleport] > [Fixed Locations] > [Misc] > [Nomad Highlands] Vukah Sacrifice Hill,8618,1009,3941
Enable 1013216 > Transform Hook > [Teleport] > [Fixed Locations] > [Misc] > [Nomad Highlands] Cradle of Dusk,6324,870,3861
Enable 1013216 > Transform Hook > [Teleport] > [Fixed Locations] > [Misc] > [Nomad Highlands] Rose Shell Burrow,8342,864,3184
Enable 1013216 > Transform Hook > [Teleport] > [Fixed Locations] > [Misc] > [Nomad Highlands] Dune Armadillo Camp,8010,794,2969
Enable 1013216 > Transform Hook > [Teleport] > [Fixed Locations] > [Misc] > [Nomad Highlands] Ridgeback (Iron) Mine,7938,719,2014
Enable 1013216 > Transform Hook > [Teleport] > [Fixed Locations] > [Misc] > [Nomad Highlands] Shorewatch,8011,768,1555
Enable 1013216 > Transform Hook > [Teleport] > [Fixed Locations] > [Misc] > [Nomad Highlands] Shorewatch Dog,7992,763,1599
Enable 1013216 > Transform Hook > [Teleport] > [Fixed Locations] > [Misc] > [Albaneve Summits ] The Pit,8824,1058,4200
Enable 1013216 > Transform Hook > [Teleport] > [Fixed Locations] > [Misc] > [Albaneve Summits ] The Pit Watch Tower,8847,1280,4226
Enable 1013216 > Transform Hook > [Teleport] > [Fixed Locations] > [Misc] > [Albaneve Summits ] Gateaway Outpost Drifa,8568,1154,4639
Enable 1013216 > Transform Hook > [Teleport] > [Fixed Locations] > [Misc] > [Albaneve Summits ] Gateaway Outpost Drifa Chest,8566,1170,4686
Enable 1013216 > Transform Hook > [Teleport] > [Fixed Locations] > [Misc] > [Albaneve Summits ] Gateaway Outpost Drifa Chest 2,8571,1165,4612
Enable 1013216 > Transform Hook > [Teleport] > [Fixed Locations] > [Misc] > [Albaneve Summits ] Wickmouth,8349,969,4392
Enable 1013216 > Transform Hook > [Teleport] > [Fixed Locations] > [Misc] > [Albaneve Summits ] Wickmouth Tower,8197,1016,4293
Enable 1013216 > Transform Hook > [Teleport] > [Fixed Locations] > [Misc] > [Albaneve Summits ] Balefire Garrision Silkfrost,8153,1165,4742
Enable 1013216 > Transform Hook > [Teleport] > [Fixed Locations] > [Misc] > [Albaneve Summits ] Balefire Garrision Silkfrost Chest,8167,1168,4633
Enable 1013216 > Transform Hook > [Teleport] > [Fixed Locations] > [Misc] > [Albaneve Summits ] Skeleton Excavation Camp Ony,8677,1192,5544
Enable 1013216 > Transform Hook > [Teleport] > [Fixed Locations] > [Misc] > [Albaneve Summits ] Rothstep,7040,1129,5152
Enable 1013216 > Transform Hook > [Teleport] > [Fixed Locations] > [Misc] > [Albaneve Summits ] Rothstep Chest,7038,1143,5172
Enable 1013216 > Transform Hook > [Teleport] > [Fixed Locations] > [Misc] > [Albaneve Summits ] Gateway Outpost Alba,7973,1450,5527
Enable 1013216 > Transform Hook > [Teleport] > [Fixed Locations] > [Misc] > [Albaneve Summits ] Gateway Outpost Alba Chest,7987,1481,5508
Enable 1013216 > Transform Hook > [Teleport] > [Fixed Locations] > [Misc] > [Albaneve Summits ] Small Watchtower,6691,909,4383
Enable 1013216 > Transform Hook > [Teleport] > [Fixed Locations] > [Misc] > [Albaneve Summits ] Elixir Production Site,6834,1003,4639
Enable 1013216 > Transform Hook > [Teleport] > [Fixed Locations] > [Misc] > [Albaneve Summits ] Small Brewery,6942,951,4675
Enable 1013216 > Transform Hook > [Teleport] > [Fixed Locations] > [Misc] > [Albaneve Summits ] (Elixir Well) Chest,7119,847,4590
Enable 1013216 > Transform Hook > [Teleport] > [Fixed Locations] > [Misc] > [Albaneve Summits ] (Elixir Well) Chest,7859,1387,5809
Enable 1013216 > Transform Hook > [Teleport] > [Fixed Locations] > [Misc] > [Albaneve Summits ] Camellia Lake Marlble Quarry,7006,1051,5035
Enable 1013216 > Transform Hook > [Teleport] > [Fixed Locations] > [Misc] > [Albaneve Summits ] Camellia Lake Marlble Quarry 2,7129,1085,5087
Enable 1013216 > Transform Hook > [Teleport] > [Fixed Locations] > [Misc] > [Albaneve Summits ] Everfrore Keep,7528,1643,5473
Enable 1013216 > Transform Hook > [Teleport] > [Fixed Locations] > [Misc] > [Albaneve Summits ] Balefire Stronghold Ironheart,8021,1297,6714
Enable 1013216 > Transform Hook > [Teleport] > [Fixed Locations] > [Misc] > [Albaneve Summits ] House Near Hollow Halls,7090,1338,6817
Enable 1013216 > Transform Hook > [Teleport] > [Fixed Locations] > [Misc] > [Albaneve Summits ] Elixir Well ,7027,1050,6792
Enable 1013216 > Transform Hook > [Teleport] > [Fixed Locations] > [Misc] > [Albaneve Summits ] Grassy Pasture Goat Farm,8447,1334,6890
Enable 1013216 > Transform Hook > [Teleport] > [Fixed Locations] > [Misc] > [Albaneve Summits ] Bittermelt Lake Small Watchtower,6824,1312,5742
Enable 1013216 > Transform Hook > [Teleport] > [Fixed Locations] > [Misc] > [Albaneve Summits ] Balefire Garrision White Pine,6661,1386,5252
Enable 1013216 > Transform Hook > [Teleport] > [Fixed Locations] > [Misc] > [Albaneve Summits ] Skeleton Excavation Camp Mae,7186,1370,5614
Enable 1013216 > Transform Hook > [Teleport] > [Fixed Locations] > [Misc] > [Albaneve Summits ] Howling Peak,7677,1915,6016
Enable 1013216 > Transform Hook > [Teleport] > [Fixed Locations] > [Misc] > [Veilwater ] Riverreach (Mill),-7952231042029447199,-3071454945866677397,4762
Enable 1013216 > Transform Hook > [Teleport] > [Fixed Locations] > [Misc] > [Veilwater ] Driftwood Wake,7194500404724373429,819655132181431097,5120
Enable 1013216 > Transform Hook > [Teleport] > [Fixed Locations] > [Misc] > [Veilwater ] Winter's Brew Farm,909727124728845956,1540231072560710452,5326
Enable 1013216 > Transform Hook > [Teleport] > [Fixed Locations] > [Misc] > [Veilwater ] Shipwrecks (Mining Sieve),-4083638962118191940,4242390848983007994,-9130913528549468581
Enable 1013216 > Transform Hook > [Teleport] > [Fixed Locations] > [Hollow Halls] > Hollow Halls Springland,2769,985,1505
Enable 1013216 > Transform Hook > [Teleport] > [Fixed Locations] > [Hollow Halls] > Hollow Halls Revelwood,2861,965,3929
Enable 1013216 > Transform Hook > [Teleport] > [Fixed Locations] > [Hollow Halls] > Hollow Halls Nomad Highlands,5938,920,4272
Enable 1013216 > Transform Hook > [Teleport] > [Fixed Locations] > [Hollow Halls] > Hollow Halls Kindlewastes,9040,920,3114
Enable 1013216 > Transform Hook > [Teleport] > [Fixed Locations] > [Hollow Halls] > Hollow Halls Albaneve Summits,7496,1371,6845
