component_index,component_type,definition_guid,slot_index,debug_name,id_decimal,id_hex,player_default
3,keen::ecs::AllyAggroMultiplier,4dfd5f82-2859-4bfd-984a-8e1ba52ec0b0,0,AllyAggroMultiplier,1399715127,0x536DF537,0.0
8,keen::ecs::Armor,833714e7-ec73-4a4f-9d97-b48307df55f9,0,Armor,1961980239,0x74F1714F,0.0
8,keen::ecs::Armor,833714e7-ec73-4a4f-9d97-b48307df55f9,1,Armor_Physical_Blowthrough,289560839,0x11425907,0.4000000059604645
8,keen::ecs::Armor,833714e7-ec73-4a4f-9d97-b48307df55f9,2,Armor_Magical_Blowthrough,1767367623,0x6957E3C7,0.4000000059604645
8,keen::ecs::Armor,833714e7-ec73-4a4f-9d97-b48307df55f9,3,Armor_Magical_Mod,4127034242,0xF5FD8B82,1.0
8,keen::ecs::Armor,833714e7-ec73-4a4f-9d97-b48307df55f9,4,Armor_Physical_Mod,2078984957,0x7BEACAFD,1.0
9,keen::ecs::ArmorPoints,9fe44d67-172e-4e46-87d8-1cf171051aef,0,ArmorPoints,3948737190,0xEB5CF2A6,0
9,keen::ecs::ArmorPoints,9fe44d67-172e-4e46-87d8-1cf171051aef,1,ArmorPoints_Physical,2498072502,0x94E58FB6,0
9,keen::ecs::ArmorPoints,9fe44d67-172e-4e46-87d8-1cf171051aef,2,ArmorPoints_Blunt,990685897,0x3B0CAAC9,0
9,keen::ecs::ArmorPoints,9fe44d67-172e-4e46-87d8-1cf171051aef,3,ArmorPoints_Blunt_Adder,1727386093,0x66F5D1ED,0
9,keen::ecs::ArmorPoints,9fe44d67-172e-4e46-87d8-1cf171051aef,4,ArmorPoints_Blunt_Base,975110005,0x3A1EFF75,0
9,keen::ecs::ArmorPoints,9fe44d67-172e-4e46-87d8-1cf171051aef,5,ArmorPoints_Pierce,2632080267,0x9CE25B8B,0
9,keen::ecs::ArmorPoints,9fe44d67-172e-4e46-87d8-1cf171051aef,6,ArmorPoints_Pierce_Adder,3040970150,0xB54185A6,0
9,keen::ecs::ArmorPoints,9fe44d67-172e-4e46-87d8-1cf171051aef,7,ArmorPoints_Pierce_Base,270564126,0x10207B1E,0
9,keen::ecs::ArmorPoints,9fe44d67-172e-4e46-87d8-1cf171051aef,8,ArmorPoints_Cut,2767678986,0xA4F76E0A,0
9,keen::ecs::ArmorPoints,9fe44d67-172e-4e46-87d8-1cf171051aef,9,ArmorPoints_Cut_Adder,3426395065,0xCC3AA3B9,0
9,keen::ecs::ArmorPoints,9fe44d67-172e-4e46-87d8-1cf171051aef,10,ArmorPoints_Cut_Base,1958730178,0x74BFD9C2,0
9,keen::ecs::ArmorPoints,9fe44d67-172e-4e46-87d8-1cf171051aef,11,ArmorPoints_Physical_Adder,2824688152,0xA85D5218,0
9,keen::ecs::ArmorPoints,9fe44d67-172e-4e46-87d8-1cf171051aef,12,ArmorPoints_Physical_Base,3807684020,0xE2F4A5B4,0
9,keen::ecs::ArmorPoints,9fe44d67-172e-4e46-87d8-1cf171051aef,13,ArmorPoints_Magical,3568663820,0xD4B57D0C,0
9,keen::ecs::ArmorPoints,9fe44d67-172e-4e46-87d8-1cf171051aef,14,ArmorPoints_Fire,3792145833,0xE2078DA9,0
9,keen::ecs::ArmorPoints,9fe44d67-172e-4e46-87d8-1cf171051aef,15,ArmorPoints_Fire_Adder,331163507,0x13BD2773,0
9,keen::ecs::ArmorPoints,9fe44d67-172e-4e46-87d8-1cf171051aef,16,ArmorPoints_Fire_Base,2599301395,0x9AEE3113,0
9,keen::ecs::ArmorPoints,9fe44d67-172e-4e46-87d8-1cf171051aef,17,ArmorPoints_Fog,1810412597,0x6BE8B435,0
9,keen::ecs::ArmorPoints,9fe44d67-172e-4e46-87d8-1cf171051aef,18,ArmorPoints_Fog_Base,1256405759,0x4AE33AFF,0
9,keen::ecs::ArmorPoints,9fe44d67-172e-4e46-87d8-1cf171051aef,19,ArmorPoints_Fog_Adder,669369090,0x27E5C302,0
9,keen::ecs::ArmorPoints,9fe44d67-172e-4e46-87d8-1cf171051aef,20,ArmorPoints_Ice,4252614247,0xFD79BE67,0
9,keen::ecs::ArmorPoints,9fe44d67-172e-4e46-87d8-1cf171051aef,21,ArmorPoints_Ice_Base,1200742481,0x4791E051,0
9,keen::ecs::ArmorPoints,9fe44d67-172e-4e46-87d8-1cf171051aef,22,ArmorPoints_Ice_Adder,3974754499,0xECE9F0C3,0
9,keen::ecs::ArmorPoints,9fe44d67-172e-4e46-87d8-1cf171051aef,23,ArmorPoints_Lightning,4235627709,0xFC768CBD,0
9,keen::ecs::ArmorPoints,9fe44d67-172e-4e46-87d8-1cf171051aef,24,ArmorPoints_Lightning_Base,2074442448,0x7BA57AD0,0
9,keen::ecs::ArmorPoints,9fe44d67-172e-4e46-87d8-1cf171051aef,25,ArmorPoints_Lightning_Adder,403081902,0x18068AAE,0
9,keen::ecs::ArmorPoints,9fe44d67-172e-4e46-87d8-1cf171051aef,26,ArmorPoints_Magical_Adder,380648047,0x16B03A6F,0
9,keen::ecs::ArmorPoints,9fe44d67-172e-4e46-87d8-1cf171051aef,27,ArmorPoints_Magical_Base,520160999,0x1F0106E7,0
10,keen::ecs::Block,05ce03e9-0006-4668-82d4-58dd92988dbf,0,Block,1881730739,0x7028EEB3,0
11,keen::ecs::BodyHeat,13197077-3e8c-4216-a16a-d09649a2fe0b,0,BodyHeat,3350114077,0xC7AEAF1D,0
11,keen::ecs::BodyHeat,13197077-3e8c-4216-a16a-d09649a2fe0b,1,BodyHeat_Max,2017379254,0x783EC3B6,0
11,keen::ecs::BodyHeat,13197077-3e8c-4216-a16a-d09649a2fe0b,2,BodyHeat_Max_Adder,1051356582,0x3EAA6DA6,0
11,keen::ecs::BodyHeat,13197077-3e8c-4216-a16a-d09649a2fe0b,3,BodyHeat_Max_Base,2698902248,0xA0DDFAE8,0
11,keen::ecs::BodyHeat,13197077-3e8c-4216-a16a-d09649a2fe0b,4,BodyHeat_RechargeRampup,3340218343,0xC717AFE7,2000
11,keen::ecs::BodyHeat,13197077-3e8c-4216-a16a-d09649a2fe0b,5,BodyHeat_RechargeTimeout,1723416031,0x66B93DDF,1000
11,keen::ecs::BodyHeat,13197077-3e8c-4216-a16a-d09649a2fe0b,6,BodyHeat_Recharge,4171736885,0xF8A7A735,800
11,keen::ecs::BodyHeat,13197077-3e8c-4216-a16a-d09649a2fe0b,7,BodyHeat_Min,578572926,0x227C527E,0
13,keen::ecs::BodyHeatMaxMod,02bf40d3-69cd-4759-a3ff-82d1a6211f05,0,BodyHeatMaxMod,690337623,0x2925B757,1.0
13,keen::ecs::BodyHeatMaxMod,02bf40d3-69cd-4759-a3ff-82d1a6211f05,1,BodyHeatMaxMod_Base,1213055486,0x484DC1FE,1.0
13,keen::ecs::BodyHeatMaxMod,02bf40d3-69cd-4759-a3ff-82d1a6211f05,2,BodyHeatMaxMod_Multiplier,1561194671,0x5D0DF0AF,1.0
13,keen::ecs::BodyHeatMaxMod,02bf40d3-69cd-4759-a3ff-82d1a6211f05,3,BodyHeatMaxMod_Adder,1850304223,0x6E4966DF,0.0
43,keen::ecs::Comfort,8eb24646-2b63-4e39-8bba-8fe4bd64a0e4,0,Comfort,2873710323,0xAB4956F3,0
45,keen::ecs::Constitution,39f48442-6747-4606-86e8-1e39b99c3266,0,Constitution,1325886324,0x4F076B74,0
45,keen::ecs::Constitution,39f48442-6747-4606-86e8-1e39b99c3266,1,Constitution_Flame_Base,1264223817,0x4B5A8649,0
45,keen::ecs::Constitution,39f48442-6747-4606-86e8-1e39b99c3266,2,Constitution_Base,281972241,0x10CE8E11,0
49,keen::ecs::CritChance,09470b43-1725-4e4d-bce2-e86fe36f4d2d,0,CritChance,1731632155,0x67369C1B,0.0
49,keen::ecs::CritChance,09470b43-1725-4e4d-bce2-e86fe36f4d2d,1,CritChance_Base,47193764,0x02D01EA4,0.05000000074505806
49,keen::ecs::CritChance,09470b43-1725-4e4d-bce2-e86fe36f4d2d,2,CritChance_Multiplier,3925813344,0xE9FF2860,1.0
49,keen::ecs::CritChance,09470b43-1725-4e4d-bce2-e86fe36f4d2d,3,CritChance_Adder,2530922599,0x96DAD067,0.0
49,keen::ecs::CritChance,09470b43-1725-4e4d-bce2-e86fe36f4d2d,4,CritChance_Max,787432088,0x2EEF4298,0.8899999856948853
49,keen::ecs::CritChance,09470b43-1725-4e4d-bce2-e86fe36f4d2d,5,CritChance_Adder_Melee,2896569537,0xACA624C1,0.0
49,keen::ecs::CritChance,09470b43-1725-4e4d-bce2-e86fe36f4d2d,6,CritChance_Adder_Ranged,4034040016,0xF07290D0,0.0
49,keen::ecs::CritChance,09470b43-1725-4e4d-bce2-e86fe36f4d2d,7,CritChance_Adder_Magic,418767903,0x18F5E41F,0.0
49,keen::ecs::CritChance,09470b43-1725-4e4d-bce2-e86fe36f4d2d,8,CritChance_Adder_Vs_Soaked,686492580,0x28EB0BA4,0.0
50,keen::ecs::CritDamageMod,20ab59ff-e587-4145-870c-b33aed074a0c,0,CritDamageMod,2444702472,0x91B73308,0.0
50,keen::ecs::CritDamageMod,20ab59ff-e587-4145-870c-b33aed074a0c,1,CritDamageMod_Base,3925380847,0xE9F88EEF,1.5
50,keen::ecs::CritDamageMod,20ab59ff-e587-4145-870c-b33aed074a0c,2,CritDamageMod_Multiplier,1335351760,0x4F97D9D0,1.0
50,keen::ecs::CritDamageMod,20ab59ff-e587-4145-870c-b33aed074a0c,3,CritDamageMod_Adder,717249387,0x2AC05B6B,0.0
50,keen::ecs::CritDamageMod,20ab59ff-e587-4145-870c-b33aed074a0c,4,CritDamageMod_Vs_Soaked,3071228575,0xB70F3A9F,0.0
54,keen::ecs::DamageMod,43387625-75dc-444d-aff3-d7f51a152582,0,DamageMod,3093706425,0xB86636B9,0.0
54,keen::ecs::DamageMod,43387625-75dc-444d-aff3-d7f51a152582,1,DamageMod_Base,2917236167,0xADE17DC7,1.0
54,keen::ecs::DamageMod,43387625-75dc-444d-aff3-d7f51a152582,2,DamageMod_Multiplier,2447571903,0x91E2FBBF,1.0
54,keen::ecs::DamageMod,43387625-75dc-444d-aff3-d7f51a152582,3,DamageMod_Adder,2487278625,0x9440DC21,0.0
55,keen::ecs::DamageModAgainst,9c06e092-f49d-4be5-828d-d7ec8b3fc18f,0,DamageModAgainst,3933006872,0xEA6CEC18,0.0
55,keen::ecs::DamageModAgainst,9c06e092-f49d-4be5-828d-d7ec8b3fc18f,1,DamageModAgainst_Ranged,1688069799,0x649DE6A7,1.0
55,keen::ecs::DamageModAgainst,9c06e092-f49d-4be5-828d-d7ec8b3fc18f,2,DamageModAgainst_Melee,644601608,0x266BD708,1.0
55,keen::ecs::DamageModAgainst,9c06e092-f49d-4be5-828d-d7ec8b3fc18f,3,DamageModAgainst_Mage,994932032,0x3B4D7540,1.0
55,keen::ecs::DamageModAgainst,9c06e092-f49d-4be5-828d-d7ec8b3fc18f,4,DamageModAgainst_Flying,1422905973,0x54CFD275,1.0
55,keen::ecs::DamageModAgainst,9c06e092-f49d-4be5-828d-d7ec8b3fc18f,5,DamageModAgainst_Faction_Skeleton,2218694321,0x843E96B1,1.0
55,keen::ecs::DamageModAgainst,9c06e092-f49d-4be5-828d-d7ec8b3fc18f,6,DamageModAgainst_Faction_Drak,673362600,0x2822B2A8,1.0
55,keen::ecs::DamageModAgainst,9c06e092-f49d-4be5-828d-d7ec8b3fc18f,7,DamageModAgainst_Faction_Fogger,1316032863,0x4E71115F,1.0
55,keen::ecs::DamageModAgainst,9c06e092-f49d-4be5-828d-d7ec8b3fc18f,8,DamageModAgainst_Faction_Vukah,2420594435,0x90475703,1.0
55,keen::ecs::DamageModAgainst,9c06e092-f49d-4be5-828d-d7ec8b3fc18f,9,DamageModAgainst_Faction_Scavenger,3249003475,0xC1A7DBD3,1.0
55,keen::ecs::DamageModAgainst,9c06e092-f49d-4be5-828d-d7ec8b3fc18f,10,DamageModAgainst_Faction_Wildlife_Wildbeast,1334763112,0x4F8EDE68,1.0
55,keen::ecs::DamageModAgainst,9c06e092-f49d-4be5-828d-d7ec8b3fc18f,11,DamageModAgainst_Faction_Ancients,632321086,0x25B0743E,1.0
56,keen::ecs::DamageModBackstab,ad2b159e-1173-44d6-8f24-28e125e2ec18,0,DamageModBackstab,2918371981,0xADF2D28D,0.0
56,keen::ecs::DamageModBackstab,ad2b159e-1173-44d6-8f24-28e125e2ec18,1,DamageModBackstab_Base,2684313817,0x9FFF60D9,1.0
56,keen::ecs::DamageModBackstab,ad2b159e-1173-44d6-8f24-28e125e2ec18,2,DamageModBackstab_Multiplier,3438633631,0xCCF5629F,1.100000023841858
56,keen::ecs::DamageModBackstab,ad2b159e-1173-44d6-8f24-28e125e2ec18,3,DamageModBackstab_Adder,4021880255,0xEFB905BF,0.0
57,keen::ecs::DamageModMerciless,99223cad-4224-4c6c-ae96-6b50e65093bd,0,DamageModMerciless,1644771130,0x6209373A,0.0
57,keen::ecs::DamageModMerciless,99223cad-4224-4c6c-ae96-6b50e65093bd,1,DamageModMerciless_Base,3996001462,0xEE2E24B6,6.0
57,keen::ecs::DamageModMerciless,99223cad-4224-4c6c-ae96-6b50e65093bd,2,DamageModMerciless_Adder,2723110147,0xA24F5D03,0.0
57,keen::ecs::DamageModMerciless,99223cad-4224-4c6c-ae96-6b50e65093bd,3,DamageModMerciless_Multiplier,985515620,0x3ABDC664,1.0
58,keen::ecs::DamageModSkillShot,8902baff-5fb9-4f6a-9107-32029476176e,0,DamageModSkillShot,2339862621,0x8B77785D,0.0
58,keen::ecs::DamageModSkillShot,8902baff-5fb9-4f6a-9107-32029476176e,1,DamageModSkillShot_Base,1821227970,0x6C8DBBC2,1.0
58,keen::ecs::DamageModSkillShot,8902baff-5fb9-4f6a-9107-32029476176e,2,DamageModSkillShot_Multiplier,2074089076,0x7BA01674,1.0
58,keen::ecs::DamageModSkillShot,8902baff-5fb9-4f6a-9107-32029476176e,3,DamageModSkillShot_Adder,1588949040,0x5EB57030,0.0
59,keen::ecs::DamageModSneak,d85cbcbd-d83a-4209-a551-90be31c1c0f0,0,DamageModSneak,2291956763,0x889C7C1B,0.0
59,keen::ecs::DamageModSneak,d85cbcbd-d83a-4209-a551-90be31c1c0f0,1,DamageModSneak_Base,2669934625,0x9F23F821,10.0
59,keen::ecs::DamageModSneak,d85cbcbd-d83a-4209-a551-90be31c1c0f0,2,DamageModSneak_Adder,2992410327,0xB25C8ED7,0.0
59,keen::ecs::DamageModSneak,d85cbcbd-d83a-4209-a551-90be31c1c0f0,3,DamageModSneak_Multiplier,3649699244,0xD989FDAC,1.0
60,keen::ecs::DamageSusceptibility,692f6545-f813-4550-a18d-7dc2030ea570,0,DamageSusceptibility,2415994894,0x9001280E,0.0
60,keen::ecs::DamageSusceptibility,692f6545-f813-4550-a18d-7dc2030ea570,1,DamageSusceptibility_Physical,4057253307,0xF1D4C5BB,1.0
60,keen::ecs::DamageSusceptibility,692f6545-f813-4550-a18d-7dc2030ea570,2,DamageSusceptibility_Cut,274509437,0x105CAE7D,1.0
60,keen::ecs::DamageSusceptibility,692f6545-f813-4550-a18d-7dc2030ea570,3,DamageSusceptibility_Pierce,790831786,0x2F2322AA,1.0
60,keen::ecs::DamageSusceptibility,692f6545-f813-4550-a18d-7dc2030ea570,4,DamageSusceptibility_Blunt,3067741381,0xB6DA04C5,1.0
60,keen::ecs::DamageSusceptibility,692f6545-f813-4550-a18d-7dc2030ea570,5,DamageSusceptibility_Wood,2550649501,0x9807D29D,0.0
60,keen::ecs::DamageSusceptibility,692f6545-f813-4550-a18d-7dc2030ea570,6,DamageSusceptibility_Stone,1035168447,0x3DB36ABF,0.0
60,keen::ecs::DamageSusceptibility,692f6545-f813-4550-a18d-7dc2030ea570,7,DamageSusceptibility_Metal,2120756140,0x7E682BAC,0.0
60,keen::ecs::DamageSusceptibility,692f6545-f813-4550-a18d-7dc2030ea570,8,DamageSusceptibility_Poison,911533118,0x3654E43E,1.0
60,keen::ecs::DamageSusceptibility,692f6545-f813-4550-a18d-7dc2030ea570,9,DamageSusceptibility_Explosion,4287624084,0xFF8FF394,1.0
60,keen::ecs::DamageSusceptibility,692f6545-f813-4550-a18d-7dc2030ea570,10,DamageSusceptibility_SkillShot,688481331,0x29096433,1.0
60,keen::ecs::DamageSusceptibility,692f6545-f813-4550-a18d-7dc2030ea570,11,DamageSusceptibility_Magical,3203235113,0xBEED7D29,0.0
60,keen::ecs::DamageSusceptibility,692f6545-f813-4550-a18d-7dc2030ea570,12,DamageSusceptibility_Magical_Base,2450671413,0x92124735,1.0
60,keen::ecs::DamageSusceptibility,692f6545-f813-4550-a18d-7dc2030ea570,13,DamageSusceptibility_Magical_Adder,3116741810,0xB9C5B4B2,0.0
60,keen::ecs::DamageSusceptibility,692f6545-f813-4550-a18d-7dc2030ea570,14,DamageSusceptibility_Magical_Multiplier,943375926,0x383AC636,1.0
60,keen::ecs::DamageSusceptibility,692f6545-f813-4550-a18d-7dc2030ea570,15,DamageSusceptibility_Fire,2578282314,0x99AD774A,1.0
60,keen::ecs::DamageSusceptibility,692f6545-f813-4550-a18d-7dc2030ea570,16,DamageSusceptibility_Fog,876032173,0x343730AD,1.0
60,keen::ecs::DamageSusceptibility,692f6545-f813-4550-a18d-7dc2030ea570,17,DamageSusceptibility_Ice,3807197964,0xE2ED3B0C,1.0
60,keen::ecs::DamageSusceptibility,692f6545-f813-4550-a18d-7dc2030ea570,18,DamageSusceptibility_Lightning,3407227388,0xCB1629FC,1.0
63,keen::ecs::Dexterity,bd5f7882-499c-48c7-8494-603c38940d21,0,Dexterity,1241985309,0x4A07311D,0
63,keen::ecs::Dexterity,bd5f7882-499c-48c7-8494-603c38940d21,1,Dexterity_Base,2833475797,0xA8E368D5,0
63,keen::ecs::Dexterity,bd5f7882-499c-48c7-8494-603c38940d21,2,Dexterity_Flame_Base,775828185,0x2E3E32D9,0
65,keen::ecs::Endurance,f552f8bc-ada0-4a58-8739-4081ce0d3873,0,Endurance,212913642,0x0CB0CDEA,0
65,keen::ecs::Endurance,f552f8bc-ada0-4a58-8739-4081ce0d3873,1,Endurance_Flame_Base,8135681,0x007C2401,0
65,keen::ecs::Endurance,f552f8bc-ada0-4a58-8739-4081ce0d3873,2,Endurance_Base,4038152930,0xF0B152E2,0
67,keen::ecs::EnemyTargetSelectionBonus,57069383-e483-461b-bd7f-8f44c18e6391,0,EnemyTargetSelectionBonus,1773250854,0x69B1A926,0.0
72,keen::ecs::Experience,81b9a4f5-6b24-4534-afcb-8668eb99f113,0,Experience,2379078388,0x8DCDDAF4,0
72,keen::ecs::Experience,81b9a4f5-6b24-4534-afcb-8668eb99f113,1,Experiance_Gain,494784770,0x1D7DD102,0
72,keen::ecs::Experience,81b9a4f5-6b24-4534-afcb-8668eb99f113,2,Experience_Required,74596194,0x04723F62,0
77,keen::ecs::FishingEndurance,81c2fe06-9d5c-4320-a11e-621d9af0ad53,0,FishingEndurance,1623183642,0x60BFD11A,1.0
77,keen::ecs::FishingEndurance,81c2fe06-9d5c-4320-a11e-621d9af0ad53,1,FishingEndurance_Adder,3493548191,0xD03B509F,0.0
77,keen::ecs::FishingEndurance,81c2fe06-9d5c-4320-a11e-621d9af0ad53,2,FishingEndurance_Base,2147173019,0x7FFB429B,0.0
77,keen::ecs::FishingEndurance,81c2fe06-9d5c-4320-a11e-621d9af0ad53,3,FishingEndurance_Multiplier,1879875036,0x700C9DDC,0.0
78,keen::ecs::FishingStrength,723dbe31-6450-4ab8-ab62-90bcf1225d16,0,FishingStrength,1764397450,0x692A918A,1.0
78,keen::ecs::FishingStrength,723dbe31-6450-4ab8-ab62-90bcf1225d16,1,FishingStrength_Adder,4230648471,0xFC2A9297,0.0
78,keen::ecs::FishingStrength,723dbe31-6450-4ab8-ab62-90bcf1225d16,2,FishingStrength_Base,756967872,0x2D1E69C0,0.0
78,keen::ecs::FishingStrength,723dbe31-6450-4ab8-ab62-90bcf1225d16,3,FishingStrength_Multiplier,1069248852,0x3FBB7154,0.0
80,keen::ecs::FogResistance,50749714-f3d5-47ea-aa42-c94e8c63af90,0,FogResistance,1766973206,0x6951DF16,100
80,keen::ecs::FogResistance,50749714-f3d5-47ea-aa42-c94e8c63af90,1,FogResistance_Max,3008026671,0xB34AD82F,0
80,keen::ecs::FogResistance,50749714-f3d5-47ea-aa42-c94e8c63af90,2,FogResistance_Min,297834080,0x11C09660,0
80,keen::ecs::FogResistance,50749714-f3d5-47ea-aa42-c94e8c63af90,3,FogResistance_MaxAdder,1519061519,0x5A8B0A0F,0
80,keen::ecs::FogResistance,50749714-f3d5-47ea-aa42-c94e8c63af90,4,FogResistance_MaxFlameBase,832786164,0x31A34EF4,100
80,keen::ecs::FogResistance,50749714-f3d5-47ea-aa42-c94e8c63af90,5,FogResistance_MaxSubstract,3013695516,0xB3A1581C,0
82,keen::ecs::FreezingResistance,c4ec799d-2d42-4cf2-8f32-93eaf9186ef1,0,FreezingResistance,3240858224,0xC12B9270,0
82,keen::ecs::FreezingResistance,c4ec799d-2d42-4cf2-8f32-93eaf9186ef1,1,FreezingResistance_Base,1247559816,0x4A5C4088,0
82,keen::ecs::FreezingResistance,c4ec799d-2d42-4cf2-8f32-93eaf9186ef1,2,FreezingResistance_Heat_Source,2460292874,0x92A5170A,0
85,keen::ecs::HealingMod,23c05dce-2384-49d8-9a03-f74ff8011902,0,HealingMod,3437393398,0xCCE275F6,0.0
85,keen::ecs::HealingMod,23c05dce-2384-49d8-9a03-f74ff8011902,1,HealingMod_Adder,2061675407,0x7AE2AB8F,0.0
85,keen::ecs::HealingMod,23c05dce-2384-49d8-9a03-f74ff8011902,2,HealingMod_Base,3173340619,0xBD2555CB,1.0
85,keen::ecs::HealingMod,23c05dce-2384-49d8-9a03-f74ff8011902,3,HealingMod_Multiplier,3833371410,0xE47C9B12,1.0
86,keen::ecs::Health,61f22138-a061-4b3f-a15e-35953e731112,0,Health,2394442133,0x8EB84995,0
86,keen::ecs::Health,61f22138-a061-4b3f-a15e-35953e731112,1,Health_Min,2158739128,0x80ABBEB8,0
86,keen::ecs::Health,61f22138-a061-4b3f-a15e-35953e731112,2,Health_Max_Base,1494769397,0x59185EF5,100
86,keen::ecs::Health,61f22138-a061-4b3f-a15e-35953e731112,3,Health_Max_Adder,2345044215,0x8BC688F7,0
86,keen::ecs::Health,61f22138-a061-4b3f-a15e-35953e731112,4,Health_RechargeTimeout,2514112289,0x95DA4F21,500
86,keen::ecs::Health,61f22138-a061-4b3f-a15e-35953e731112,5,Health_RechargeRampup,1277012596,0x4C1DAA74,800
86,keen::ecs::Health,61f22138-a061-4b3f-a15e-35953e731112,6,Health_Recharge,3739801516,0xDEE8D7AC,0
86,keen::ecs::Health,61f22138-a061-4b3f-a15e-35953e731112,7,Health_Max,3699595454,0xDC8358BE,0
88,keen::ecs::HealthRechargeMod,a0306d79-05ff-4bbc-828e-1d1d41a4c63b,0,HealthRechargeMod,2767554158,0xA4F5866E,1.0
96,keen::ecs::Intelligence,461946f8-b443-4dec-8dfd-3f2b63e38a60,0,Intelligence,4103538416,0xF49706F0,0
96,keen::ecs::Intelligence,461946f8-b443-4dec-8dfd-3f2b63e38a60,1,Intelligence_Base,1342912799,0x500B391F,0
96,keen::ecs::Intelligence,461946f8-b443-4dec-8dfd-3f2b63e38a60,2,Intelligence_Flame_Base,2251629925,0x86352565,0
104,keen::ecs::Level,bbf879a8-9af2-4516-830d-e201d7370f02,0,Level,1917580648,0x724BF568,1
104,keen::ecs::Level,bbf879a8-9af2-4516-830d-e201d7370f02,1,Level_Max,1670027162,0x638A979A,100
107,keen::ecs::MagicDamageMod,92f40832-6ae3-4bc2-b514-6dcc904eb25c,0,MagicDamageMod,573244131,0x222B02E3,1.0
107,keen::ecs::MagicDamageMod,92f40832-6ae3-4bc2-b514-6dcc904eb25c,1,MagicDamageMod_Physical_Cut,4284021642,0xFF58FB8A,1.0
107,keen::ecs::MagicDamageMod,92f40832-6ae3-4bc2-b514-6dcc904eb25c,2,MagicDamageMod_Physical_Blunt,2228994893,0x84DBC34D,1.0
107,keen::ecs::MagicDamageMod,92f40832-6ae3-4bc2-b514-6dcc904eb25c,3,MagicDamageMod_Physical_Pierce,1525883920,0x5AF32410,1.0
107,keen::ecs::MagicDamageMod,92f40832-6ae3-4bc2-b514-6dcc904eb25c,4,MagicDamageMod_Magical_Ice,1481778196,0x58522414,1.0
107,keen::ecs::MagicDamageMod,92f40832-6ae3-4bc2-b514-6dcc904eb25c,5,MagicDamageMod_Magical_Fog,2901879036,0xACF728FC,1.0
107,keen::ecs::MagicDamageMod,92f40832-6ae3-4bc2-b514-6dcc904eb25c,6,MagicDamageMod_Magical_Fire,2793287644,0xA67E2FDC,1.0
107,keen::ecs::MagicDamageMod,92f40832-6ae3-4bc2-b514-6dcc904eb25c,7,MagicDamageMod_Magical_Lightning,285463433,0x1103D389,1.0
108,keen::ecs::Mana,9f15218b-a7d4-4589-8de1-d5ab745bf51a,0,Mana,1789024078,0x6AA2574E,100
108,keen::ecs::Mana,9f15218b-a7d4-4589-8de1-d5ab745bf51a,1,Mana_Max,391341943,0x17536777,0
108,keen::ecs::Mana,9f15218b-a7d4-4589-8de1-d5ab745bf51a,2,Mana_Recharge,3777978543,0xE12F60AF,5
108,keen::ecs::Mana,9f15218b-a7d4-4589-8de1-d5ab745bf51a,3,Mana_RechargeRampup,3936601835,0xEAA3C6EB,800
108,keen::ecs::Mana,9f15218b-a7d4-4589-8de1-d5ab745bf51a,4,Mana_RechargeTimeout,2963820757,0xB0A850D5,500
108,keen::ecs::Mana,9f15218b-a7d4-4589-8de1-d5ab745bf51a,5,Mana_Min,2681517637,0x9FD4B645,0
108,keen::ecs::Mana,9f15218b-a7d4-4589-8de1-d5ab745bf51a,6,Mana_Max_Base,1949287570,0x742FC492,100
108,keen::ecs::Mana,9f15218b-a7d4-4589-8de1-d5ab745bf51a,7,Mana_Max_Adder,388313113,0x17253019,0
110,keen::ecs::MeleeDamageMod,a673b002-e7f7-49ea-95db-334c72b418bc,0,MeleeDamageMod,1762718552,0x6910F358,1.0
110,keen::ecs::MeleeDamageMod,a673b002-e7f7-49ea-95db-334c72b418bc,1,MeleeDamageMod_Physical_Cut,4231095348,0xFC316434,1.0
110,keen::ecs::MeleeDamageMod,a673b002-e7f7-49ea-95db-334c72b418bc,2,MeleeDamageMod_Physical_Blunt,1851041810,0x6E54A812,1.0
110,keen::ecs::MeleeDamageMod,a673b002-e7f7-49ea-95db-334c72b418bc,3,MeleeDamageMod_Physical_Pierce,2196144143,0x82E6800F,1.0
110,keen::ecs::MeleeDamageMod,a673b002-e7f7-49ea-95db-334c72b418bc,4,MeleeDamageMod_Magical_Ice,1241430112,0x49FEB860,1.0
110,keen::ecs::MeleeDamageMod,a673b002-e7f7-49ea-95db-334c72b418bc,5,MeleeDamageMod_Magical_Fog,1208617210,0x480A08FA,1.0
110,keen::ecs::MeleeDamageMod,a673b002-e7f7-49ea-95db-334c72b418bc,6,MeleeDamageMod_Magical_Fire,1274632479,0x4BF9591F,1.0
110,keen::ecs::MeleeDamageMod,a673b002-e7f7-49ea-95db-334c72b418bc,7,MeleeDamageMod_Magical_Lightning,4147593729,0xF7374201,1.0
111,keen::ecs::Movement,84adaa4d-8576-48fc-ba5c-229e7b43e81a,0,Movement,2517049208,0x96071F78,0.0
111,keen::ecs::Movement,84adaa4d-8576-48fc-ba5c-229e7b43e81a,1,Movement_Mod,58236430,0x03789E0E,1.0
111,keen::ecs::Movement,84adaa4d-8576-48fc-ba5c-229e7b43e81a,2,Movement_Sneak,1124623129,0x43086319,2.0
111,keen::ecs::Movement,84adaa4d-8576-48fc-ba5c-229e7b43e81a,3,Movement_Walk,3049408979,0xB5C249D3,2.299999952316284
111,keen::ecs::Movement,84adaa4d-8576-48fc-ba5c-229e7b43e81a,4,Movement_Run,3673084494,0xDAEED24E,5.0
111,keen::ecs::Movement,84adaa4d-8576-48fc-ba5c-229e7b43e81a,5,Movement_Sprint,186366385,0x0B1BB9B1,8.0
111,keen::ecs::Movement,84adaa4d-8576-48fc-ba5c-229e7b43e81a,6,Movement_Combat,1379696049,0x523C7DB1,2.299999952316284
111,keen::ecs::Movement,84adaa4d-8576-48fc-ba5c-229e7b43e81a,7,Movement_Custom,4243797186,0xFCF334C2,0.0
111,keen::ecs::Movement,84adaa4d-8576-48fc-ba5c-229e7b43e81a,8,Movement_Patrol,3490748406,0xD01097F6,0.0
111,keen::ecs::Movement,84adaa4d-8576-48fc-ba5c-229e7b43e81a,9,Movement_Flee,559450224,0x21588870,0.0
111,keen::ecs::Movement,84adaa4d-8576-48fc-ba5c-229e7b43e81a,10,Movement_PushbackMod,3011058028,0xB379196C,1.0
111,keen::ecs::Movement,84adaa4d-8576-48fc-ba5c-229e7b43e81a,11,Movement_RotationMod,2673127358,0x9F54AFBE,1.0
111,keen::ecs::Movement,84adaa4d-8576-48fc-ba5c-229e7b43e81a,12,Movement_SwimRun,2762091881,0xA4A22D69,2.0
111,keen::ecs::Movement,84adaa4d-8576-48fc-ba5c-229e7b43e81a,13,Movement_SwimSprint,3677988603,0xDB39A6FB,3.5
111,keen::ecs::Movement,84adaa4d-8576-48fc-ba5c-229e7b43e81a,14,Movement_DiveRun,796186486,0x2F74D776,2.0
111,keen::ecs::Movement,84adaa4d-8576-48fc-ba5c-229e7b43e81a,15,Movement_DiveSprint,2633735010,0x9CFB9B62,3.5
111,keen::ecs::Movement,84adaa4d-8576-48fc-ba5c-229e7b43e81a,16,Movement_Swim_Mod,1179726044,0x465130DC,1.0
111,keen::ecs::Movement,84adaa4d-8576-48fc-ba5c-229e7b43e81a,17,Movement_SwimDive_Sprint_Mod,1526582999,0x5AFDCED7,1.0
129,keen::ecs::Oxygen,ca75e932-51df-4789-99e7-f1d31bc5ceaf,0,Oxygen,4041436140,0xF0E36BEC,0
129,keen::ecs::Oxygen,ca75e932-51df-4789-99e7-f1d31bc5ceaf,1,Oxygen_Max,330705292,0x13B6298C,0
129,keen::ecs::Oxygen,ca75e932-51df-4789-99e7-f1d31bc5ceaf,2,Oxygen_Min,1535258824,0x5B8230C8,0
129,keen::ecs::Oxygen,ca75e932-51df-4789-99e7-f1d31bc5ceaf,3,Oxygen_MaxAdder,1994487365,0x76E17645,0
129,keen::ecs::Oxygen,ca75e932-51df-4789-99e7-f1d31bc5ceaf,4,Oxygen_MaxSubstract,2147000181,0x7FF89F75,0
129,keen::ecs::Oxygen,ca75e932-51df-4789-99e7-f1d31bc5ceaf,5,Oxygen_MaxBase,1462758465,0x572FEC41,0
130,keen::ecs::OxygenMaxMod,54e8efae-e284-4543-95d0-9a06e70c1609,0,OxygenMaxMod,1637918487,0x61A0A717,1.0
130,keen::ecs::OxygenMaxMod,54e8efae-e284-4543-95d0-9a06e70c1609,1,OxygenMaxMod_Base,412731965,0x1899CA3D,1.0
130,keen::ecs::OxygenMaxMod,54e8efae-e284-4543-95d0-9a06e70c1609,2,OxygenMaxMod_Multiplier,1389885278,0x52D7F75E,1.0
130,keen::ecs::OxygenMaxMod,54e8efae-e284-4543-95d0-9a06e70c1609,3,OxygenMaxMod_Adder,789005088,0x2F074320,0.0
133,keen::ecs::ParryProficiency,ee8511b8-e5c3-4863-bd19-95c9bcca79c1,0,ParryProficiency,2830323786,0xA8B3504A,0.0
133,keen::ecs::ParryProficiency,ee8511b8-e5c3-4863-bd19-95c9bcca79c1,1,ParryProficiency_Base,11387438,0x00ADC22E,0.0
133,keen::ecs::ParryProficiency,ee8511b8-e5c3-4863-bd19-95c9bcca79c1,2,ParryProficiency_Multiplier,3028056781,0xB47C7ACD,1.0
133,keen::ecs::ParryProficiency,ee8511b8-e5c3-4863-bd19-95c9bcca79c1,3,ParryProficiency_Adder,1529953125,0x5B313B65,0.0
151,keen::ecs::RangedCombat,55947576-fc0e-4200-960a-1cc7508a15a3,0,RangedCombat,4040954260,0xF0DC1194,0.0
151,keen::ecs::RangedCombat,55947576-fc0e-4200-960a-1cc7508a15a3,1,RangedCombat_Arrow_FireDurationMod,3047951278,0xB5AC0BAE,1.0
151,keen::ecs::RangedCombat,55947576-fc0e-4200-960a-1cc7508a15a3,2,RangedCombat_Arrow_ChargeDurationMod,3787006705,0xE1B922F1,1.0
151,keen::ecs::RangedCombat,55947576-fc0e-4200-960a-1cc7508a15a3,3,RangedCombat_Spell_ChargeDurationMod,1322217237,0x4ECF6F15,1.0
151,keen::ecs::RangedCombat,55947576-fc0e-4200-960a-1cc7508a15a3,4,RangedCombat_Spell_FireDurationMod,1287204536,0x4CB92EB8,1.0
152,keen::ecs::RangedDamageMod,63262131-9a59-4766-a1be-19bd5c0e81f7,0,RangedDamageMod,561042479,0x2170D42F,1.0
152,keen::ecs::RangedDamageMod,63262131-9a59-4766-a1be-19bd5c0e81f7,1,RangedDamageMod_Physical_Cut,2340726446,0x8B84A6AE,1.0
152,keen::ecs::RangedDamageMod,63262131-9a59-4766-a1be-19bd5c0e81f7,2,RangedDamageMod_Physical_Blunt,679752998,0x28843526,1.0
152,keen::ecs::RangedDamageMod,63262131-9a59-4766-a1be-19bd5c0e81f7,3,RangedDamageMod_Physical_Pierce,1390542572,0x52E1FEEC,1.0
152,keen::ecs::RangedDamageMod,63262131-9a59-4766-a1be-19bd5c0e81f7,4,RangedDamageMod_Magical_Ice,1415759922,0x5462C832,1.0
152,keen::ecs::RangedDamageMod,63262131-9a59-4766-a1be-19bd5c0e81f7,5,RangedDamageMod_Magical_Fog,2840044281,0xA947A2F9,1.0
152,keen::ecs::RangedDamageMod,63262131-9a59-4766-a1be-19bd5c0e81f7,6,RangedDamageMod_Magical_Fire,755320020,0x2D0544D4,1.0
152,keen::ecs::RangedDamageMod,63262131-9a59-4766-a1be-19bd5c0e81f7,7,RangedDamageMod_Magical_Lightning,3471244065,0xCEE6FB21,1.0
157,keen::ecs::Rested,5e3e32ee-d10e-4708-8a10-e73ea44bc2e6,0,Rested,1246967859,0x4A533833,0.0
157,keen::ecs::Rested,5e3e32ee-d10e-4708-8a10-e73ea44bc2e6,1,Rested_MinDuration,2180660285,0x81FA3C3D,5.0
157,keen::ecs::Rested,5e3e32ee-d10e-4708-8a10-e73ea44bc2e6,2,Rested_DurationMod,3695132539,0xDC3F3F7B,1.0
159,keen::ecs::Revive,5a8b57f3-024c-442c-89d0-d383c5ac1b5e,0,Revive,2038438067,0x798018B3,0.0
159,keen::ecs::Revive,5a8b57f3-024c-442c-89d0-d383c5ac1b5e,1,Revive_Delay,1200707849,0x47915909,0.0
159,keen::ecs::Revive,5a8b57f3-024c-442c-89d0-d383c5ac1b5e,2,Revive_Healing_Percentage,1548774757,0x5C506D65,0.10000000149011612
159,keen::ecs::Revive,5a8b57f3-024c-442c-89d0-d383c5ac1b5e,3,Revive_Delay_Base,2260693954,0x86BF73C2,6.0
159,keen::ecs::Revive,5a8b57f3-024c-442c-89d0-d383c5ac1b5e,4,Revive_Delay_Mod,2323082038,0x8A776B36,1.0
159,keen::ecs::Revive,5a8b57f3-024c-442c-89d0-d383c5ac1b5e,5,Revive_Delay_Min,3425454097,0xCC2C4811,1.0
177,keen::ecs::Spirit,5c2f4f24-02ee-4250-a77d-312057cd6a76,0,Spirit,1015230844,0x3C83317C,0
177,keen::ecs::Spirit,5c2f4f24-02ee-4250-a77d-312057cd6a76,1,Spirit_Flame_Base,2890567355,0xAC4A8EBB,0
177,keen::ecs::Spirit,5c2f4f24-02ee-4250-a77d-312057cd6a76,2,Spirit_Base,4271065638,0xFE934A26,0
178,keen::ecs::Stamina,0a0eabad-6094-4ba2-8dc5-614d500d0a34,0,Stamina,79080075,0x04B6AA8B,100
178,keen::ecs::Stamina,0a0eabad-6094-4ba2-8dc5-614d500d0a34,1,Stamina_Min,1369213345,0x519C89A1,0
178,keen::ecs::Stamina,0a0eabad-6094-4ba2-8dc5-614d500d0a34,2,Stamina_Max,4098081808,0xF443C410,0
178,keen::ecs::Stamina,0a0eabad-6094-4ba2-8dc5-614d500d0a34,3,Stamina_RechargeRampup,3322048528,0xC6027010,2000
178,keen::ecs::Stamina,0a0eabad-6094-4ba2-8dc5-614d500d0a34,4,Stamina_RechargeTimeout,595494220,0x237E854C,500
178,keen::ecs::Stamina,0a0eabad-6094-4ba2-8dc5-614d500d0a34,5,Stamina_Recharge,2959910128,0xB06CA4F0,50
178,keen::ecs::Stamina,0a0eabad-6094-4ba2-8dc5-614d500d0a34,6,Stamina_Max_Base,480569669,0x1CA4E945,100
178,keen::ecs::Stamina,0a0eabad-6094-4ba2-8dc5-614d500d0a34,7,Stamina_Max_Adder,1091875813,0x4114B3E5,0
179,keen::ecs::StaminaDamageMod,0db52c68-a118-420d-a570-1bac05049d3f,0,StaminaDamageMod,2810631340,0xA786D4AC,1.0
179,keen::ecs::StaminaDamageMod,0db52c68-a118-420d-a570-1bac05049d3f,1,StaminaDamageMod_Melee,2113746460,0x7DFD361C,0.0
179,keen::ecs::StaminaDamageMod,0db52c68-a118-420d-a570-1bac05049d3f,2,StaminaDamageMod_Range,3390898423,0xCA1D00F7,0.0
179,keen::ecs::StaminaDamageMod,0db52c68-a118-420d-a570-1bac05049d3f,3,StaminaDamageMod_Magic,453286019,0x1B049883,0.0
181,keen::ecs::StaminaDepletionMod,b0e5288c-ccf0-481a-9b7b-353a11a94098,0,StaminaDepletionMod,4205844241,0xFAB01711,1.0
181,keen::ecs::StaminaDepletionMod,b0e5288c-ccf0-481a-9b7b-353a11a94098,1,StaminaDepletionMod_Sprint,2347740873,0x8BEFAEC9,1.0
181,keen::ecs::StaminaDepletionMod,b0e5288c-ccf0-481a-9b7b-353a11a94098,2,StaminaDepletionMod_Glider,2989242623,0xB22C38FF,1.0
181,keen::ecs::StaminaDepletionMod,b0e5288c-ccf0-481a-9b7b-353a11a94098,3,StaminaDepletionMod_Climb,3090711112,0xB8388248,1.0
181,keen::ecs::StaminaDepletionMod,b0e5288c-ccf0-481a-9b7b-353a11a94098,4,StaminaDepletionMod_SwimDive_Sprint,4176396625,0xF8EEC151,1.0
183,keen::ecs::StaminaRechargeMod,8eb2eaec-65f2-4a35-b671-be45eed8af0b,0,StaminaRechargeMod,772358857,0x2E0942C9,1.0
187,keen::ecs::Strength,6e45319c-b82d-45b3-84d8-119e61f4c46b,0,Strength,3199384283,0xBEB2BADB,0
187,keen::ecs::Strength,6e45319c-b82d-45b3-84d8-119e61f4c46b,1,Strength_Base,2354400196,0x8C554BC4,0
187,keen::ecs::Strength,6e45319c-b82d-45b3-84d8-119e61f4c46b,2,Strength_Flame_Base,163558329,0x09BFB3B9,0
192,keen::ecs::Threat,42acde94-8ed0-4504-85d8-1463dad2d08a,0,Threat,2932457454,0xAEC9BFEE,0.0
192,keen::ecs::Threat,42acde94-8ed0-4504-85d8-1463dad2d08a,1,Threat_Pool0,2917046619,0xADDE995B,0.0
192,keen::ecs::Threat,42acde94-8ed0-4504-85d8-1463dad2d08a,2,Threat_Pool0_Decline,670736419,0x27FAA023,1.0
192,keen::ecs::Threat,42acde94-8ed0-4504-85d8-1463dad2d08a,3,Threat_Pool1,1450047678,0x566DF8BE,0.0
192,keen::ecs::Threat,42acde94-8ed0-4504-85d8-1463dad2d08a,4,Threat_Pool1_Decline,2709140942,0xA17A35CE,0.8500000238418579
192,keen::ecs::Threat,42acde94-8ed0-4504-85d8-1463dad2d08a,5,Threat_Pool2,795626361,0x2F6C4B79,0.0
192,keen::ecs::Threat,42acde94-8ed0-4504-85d8-1463dad2d08a,6,Threat_Pool2_Decline,3457374742,0xCE135A16,0.6600000262260437
192,keen::ecs::Threat,42acde94-8ed0-4504-85d8-1463dad2d08a,7,Threat_Pool3,819432792,0x30D78D58,0.0
192,keen::ecs::Threat,42acde94-8ed0-4504-85d8-1463dad2d08a,8,Threat_Pool3_Decline,3644455005,0xD939F85D,0.5
192,keen::ecs::Threat,42acde94-8ed0-4504-85d8-1463dad2d08a,9,Threat_EnemyValue,3443858705,0xCD451D11,0.0
192,keen::ecs::Threat,42acde94-8ed0-4504-85d8-1463dad2d08a,10,TimeStepMod,1127811603,0x43390A13,1.0
192,keen::ecs::Threat,42acde94-8ed0-4504-85d8-1463dad2d08a,11,Threat_PoolMax,1819612107,0x6C7513CB,15.0
192,keen::ecs::Threat,42acde94-8ed0-4504-85d8-1463dad2d08a,12,Threat_Ranged0,1862709121,0x6F06AF81,0.5
192,keen::ecs::Threat,42acde94-8ed0-4504-85d8-1463dad2d08a,13,Threat_Range0_Decline,286476194,0x111347A2,0.5
192,keen::ecs::Threat,42acde94-8ed0-4504-85d8-1463dad2d08a,14,Threat_Ranged1,1423445290,0x54D80D2A,0.5
192,keen::ecs::Threat,42acde94-8ed0-4504-85d8-1463dad2d08a,15,Threat_Range1_Decline,2847495137,0xA9B953E1,0.5
194,keen::ecs::ToolDamageMod,ee6222ff-04d0-434e-a1bc-fbd211d7522d,0,ToolDamageMod,1131910830,0x437796AE,0.0
194,keen::ecs::ToolDamageMod,ee6222ff-04d0-434e-a1bc-fbd211d7522d,1,ToolDamageMod_Wood,3475173812,0xCF22F1B4,1.0
194,keen::ecs::ToolDamageMod,ee6222ff-04d0-434e-a1bc-fbd211d7522d,2,ToolDamageMod_Metal,1612326969,0x601A2839,1.0
194,keen::ecs::ToolDamageMod,ee6222ff-04d0-434e-a1bc-fbd211d7522d,3,ToolDamageMod_Stone,2318555082,0x8A3257CA,1.0
202,keen::ecs::WeaponCategoryDamageMod,64fd2e6f-7b65-4213-bf91-302066b2632a,0,WeaponCategoryDamageMod,2741203181,0xA36370ED,0.0
202,keen::ecs::WeaponCategoryDamageMod,64fd2e6f-7b65-4213-bf91-302066b2632a,1,WeaponCategoryDamageMod_Single,1247818274,0x4A603222,1.0
202,keen::ecs::WeaponCategoryDamageMod,64fd2e6f-7b65-4213-bf91-302066b2632a,2,WeaponCategoryDamageMod_TwoHand,2863483959,0xAAAD4C37,1.0
202,keen::ecs::WeaponCategoryDamageMod,64fd2e6f-7b65-4213-bf91-302066b2632a,3,WeaponCategoryDamageMod_Wand,1855440486,0x6E97C666,1.0
202,keen::ecs::WeaponCategoryDamageMod,64fd2e6f-7b65-4213-bf91-302066b2632a,4,WeaponCategoryDamageMod_Staff,4100376830,0xF466C8FE,1.0
202,keen::ecs::WeaponCategoryDamageMod,64fd2e6f-7b65-4213-bf91-302066b2632a,5,WeaponCategoryDamageMod_Bow,582455092,0x22B78F34,1.0
202,keen::ecs::WeaponCategoryDamageMod,64fd2e6f-7b65-4213-bf91-302066b2632a,6,WeaponCategoryDamageMod_Unarmed,2058715753,0x7AB58269,1.0
202,keen::ecs::WeaponCategoryDamageMod,64fd2e6f-7b65-4213-bf91-302066b2632a,7,WeaponCategoryDamageMod_Throwable,1175329889,0x460E1C61,1.0
202,keen::ecs::WeaponCategoryDamageMod,64fd2e6f-7b65-4213-bf91-302066b2632a,8,WeaponCategoryDamageMod_Dagger,2985172221,0xB1EE1CFD,1.0
202,keen::ecs::WeaponCategoryDamageMod,64fd2e6f-7b65-4213-bf91-302066b2632a,9,WeaponCategoryDamageMod_GreatSword,2998495911,0xB2B96AA7,1.0
203,keen::ecs::WeaponSkill,30bbc1bd-aaf4-48ff-a375-787ef415671a,0,WeaponSkill,4002541597,0xEE91F01D,0
203,keen::ecs::WeaponSkill,30bbc1bd-aaf4-48ff-a375-787ef415671a,1,WeaponSkill_Max,1268000521,0x4B942709,100
205,keen::ecs::WetDurationReduction,0a52c4b7-777c-4022-a258-ccdab4d15848,0,WetDurationReduction,1782998866,0x6A466752,0
