canonical_id,category,display_name,required_by_1013216,source_artifacts,external_mechanism,current_build_correlation,vanilla_overlap,preferred_architect_backend,evidence_status,next_validation,parameters_or_children
player.full_health,Player,Full Health,YES,1013216; enshrouded client/server,Attribute hook writes current to max-like slots,Current Health IDs/layout explain Max_Base + Max_Adder semantics,No exact vanilla infinite/refill toggle,NATIVE_HOOK / PLAYER_ATTRIBUTE,INFERRED_CURRENT_STATIC,Remap historical AOB and prove local-player Health root + current/max readback,
player.full_stamina,Player,Full / Infinite Stamina,YES,1013216; enshrouded client/server; Building Companion,Multiple generic attribute write/subtraction-bypass mechanisms,Current Stamina root/id/layout known; local-player selector remains unresolved,"Vanilla stamina factor changes max, not infinite",NATIVE_HOOK / PLAYER_ATTRIBUTE,UNSOLVED,Use old AOB families as anchors; correlate local player and current/max; implement one readback/revert path,
player.full_mana,Player,Full / Infinite Mana,YES,1013216; enshrouded client/server,Generic attribute hook overwrites current Mana,Current Mana root/id/layout known; historical offset ordering differs,"Vanilla mana factor changes max, not infinite",NATIVE_HOOK / PLAYER_ATTRIBUTE,UNSOLVED,Remap current Mana family and prove local player + max semantic before mutation,
combat.easy_parry,Combat & Enemy AI,Easy Parry,YES,1013216,NOP conditional branch at parry trigger,No current-build parry consumer proof yet,No vanilla equivalent found,NATIVE_PATCH,EXTERNAL_REMAP_REQUIRED,Remap signature and observe parry-window behavior before patch,
crafting.free_craft,Crafting & Progression,Free Craft / Build,YES,1013216; enshrouded client/server; Building Companion; Ember,Several cost-bypass paths; Ember can zero recipe inputs,Current Architect has hardened direct-patch candidate; current KFC recipes available,Vanilla has cost factor but not complete zero-cost building/crafting semantic,NATIVE_PATCH preferred; RESOURCE for recipe-only fallback,EXPERIMENTAL_CURRENT_CANDIDATE,Runtime OFF/ON/OFF consumption test with exact readback/revert,
progression.skill_points_available_min,Crafting & Progression,Available Skill Points Minimum,YES,1013216,Force CalculateAvailableSkillPoints argument/result to 999,Current build skillPointsPerLevel exists but is different semantic,Vanilla does not grant arbitrary available points,NATIVE_HOOK,EXTERNAL_REMAP_REQUIRED,Remap calculation function and verify displayed/usable available points,
progression.skill_points_used_zero,Crafting & Progression,Reset Used Skill Points,YES,1013216,Function return forced to 0,Distinct from vanilla respec workflows,Vanilla may support respec but not necessarily zero-used admin action,VANILLA_ACTION if discoverable else NATIVE_PATCH,EXTERNAL_REMAP_REQUIRED,First identify vanilla respec action; use native only if no reusable path,
player.no_fall_damage,Player,No Fall Damage,YES,1013216; enshrouded client/server,Fall damage function/subtraction bypass,Historical AOB families available,No direct vanilla toggle in current GameSettings,NATIVE_PATCH,EXTERNAL_REMAP_REQUIRED,Remap smallest current damage-debit site; apply/revert in test world,
gamesettings.durability,Vanilla Game Settings,Durability,YES,1013216; enshrouded client/server; Ember,Historical native durability bypass vs current vanilla setting,GameSettingsPresetsResource proves enableDurability,FULL VANILLA OVERLAP,VANILLA_ACTION / RESOURCE,CURRENT_KFC_PROVEN,Do not implement custom cheat; route to vanilla setting if exposed in F7,
player.infinite_shroud,Player,No Shroud Decrease,YES,1013216; client/server; Building Companion,FogResistance update bypass / write zero debit,Current FogResistance family + shroud GameSetting known,"Vanilla shroudTimeFactor is only multiplier, not true infinite",NATIVE_PATCH / PLAYER_ATTRIBUTE,EXTERNAL_REMAP_REQUIRED,Remap debit/update path; distinguish from vanilla duration multiplier,
player.infinite_oxygen,Player,No Oxygen / Infinite Breath,YES,1013216; client/server; Building Companion,Oxygen update/subtraction bypass,Current Oxygen root/id/layout known,Vanilla diving-time factor is only multiplier,NATIVE_PATCH / PLAYER_ATTRIBUTE,EXTERNAL_REMAP_REQUIRED,Remap debit path and verify underwater readback,
player.infinite_body_heat,Player,No Body Heat / Frost Decrease,YES,1013216; client/server,BodyHeat/frost depletion bypass,Current BodyHeat root/id/layout known,Vanilla bodyHeat factor is only multiplier,NATIVE_PATCH / PLAYER_ATTRIBUTE,EXTERNAL_REMAP_REQUIRED,Remap cold depletion path and verify before/after,
ai.pacify_or_stealth,Combat & Enemy AI,Stealth / Pacify Enemies,YES,1013216; enshrouded client/server,Global enemy combat-target function bypass / invisibility hooks,GameSettings exposes pacifyAllEnemies,STRONG VANILLA OVERLAP; semantics may differ,VANILLA_ACTION preferred,CURRENT_KFC_PROVEN_VANILLA_NEEDS_RUNTIME_EQUIVALENCE,Test pacifyAllEnemies against desired stealth behavior; drop native target patch if equivalent,
player.rested_bonus,Player,Rested Bonus Override,YES,1013216,Writes configurable value in Rested-family indexed attribute,Current Rested IDs/layout present,No vanilla direct max-rested admin control identified,PLAYER_ATTRIBUTE,CURRENT_KFC_ID_CORROBORATED,Map historical selector to current Rested_DurationMod/MinDuration semantics,
movement.speed,Movement & Travel,Movement Speed,YES,1013216; client/server,Velocity arithmetic multiplier; old pointer fields show run/sprint defaults,Current Movement attribute IDs and exact default values match old table semantics,No equivalent vanilla admin speed setting,PLAYER_ATTRIBUTE / NATIVE_HOOK,CURRENT_KFC_SEMANTICS_CORROBORATED,Prefer current Movement attribute owner/refresh path; fallback to hook only after local-player correlation,
movement.jump_force,Movement & Travel,Jump Force,YES,1013216; client/server,Multiply jump scalar before write,Historical AOB current remap required,No vanilla equivalent,NATIVE_HOOK,EXTERNAL_REMAP_REQUIRED,Remap jump store and verify local-player-only effect,
player.stats_inspector,Player,Player Stats / Attributes Inspector,YES,1013216,Attribute-ID keyed observer captures 27 stat locations,27/27 historical stat IDs still exist with matching current debug names,Read-only; no vanilla consolidated inspector,NATIVE_OBSERVER / ECS_ATTRIBUTE,CURRENT_KFC_PROVEN_IDS,Build read-only current attribute inspector first; no mutation needed,27 named stat children; see 1013216_Stats_Current_Build_Mapping.csv
progression.global_xp_multiplier,Crafting & Progression,Global XP Multiplier,YES,1013216,Multiply XP delta at award path,Experience root exists; award consumer not remapped,"Vanilla has separate combat/mining/quest XP factors, not one proven global factor",VANILLA_ACTION for source-specific; NATIVE_HOOK only for global mode,VANILLA_PARTIAL_OVERLAP,Use vanilla source multipliers by default; remap CT award site only for optional All XP multiplier,
item.selected_inspector,Inventory & Items,Selected Item Inspector,YES,1013216,Capture item record when moving inventory item,Current item authority/layout not validated,No vanilla admin inspector,NATIVE_OBSERVER,UNSOLVED,Observe selected item and correlate ID/amount without writes,
item.selected_amount,Inventory & Items,Selected Item Amount,YES,1013216; client/server,Captured item record +0x4 amount,Historical duplicate mechanisms agree,No vanilla arbitrary stack editor,NATIVE_OBJECT,UNSOLVED_SAVE_AFFECTING,Validate current item record and inventory authority; readback before write,
item.replace_selected,Inventory & Items,Replace Selected Item,YES,1013216,Lua writes item hash/id and metadata,Current item record/seed semantics unresolved,No vanilla arbitrary replace action,NATIVE_OBJECT,UNSOLVED_SAVE_AFFECTING,Map current ItemInfo ID/inventory record and safe rebuild lifecycle,
item.reroll_selected,Inventory & Items,Reroll Selected Gear,YES,1013216,Lua zeroes metadata/seed field,Current gear seed/roll lifecycle unresolved,No vanilla arbitrary reroll,NATIVE_OBJECT,UNSOLVED_SAVE_AFFECTING,Observe reroll through legitimate upgrade/drop path first,
item.upgrade_inspector,Inventory & Items,Item Level / Enhancements / Upgrades Inspector,YES,1013216,Upgrade-path captures level + stats bytes,Historical field relationship only,No vanilla developer inspector,NATIVE_OBSERVER,UNSOLVED,Current-build read-only capture during upgrade UI,
item.delete_selected,Inventory & Items,Delete Selected Item,YES,1013216,Lua zeroes item record fields,Current inventory lifecycle unresolved,Vanilla can discard items but admin delete may still be useful,VANILLA_ACTION preferred or NATIVE_OBJECT,UNSOLVED_SAVE_AFFECTING,Prefer vanilla discard/remove operation if routable; otherwise validate record mutation,
item.hash_inspector,Inventory & Items,Selected Item ID / Hash,YES,1013216,Read captured item ID/hash,Current ItemInfo IDs are available from resources,No vanilla numeric-ID inspector,NATIVE_OBSERVER,EXPERIMENTAL,Map selected inventory entry to ItemInfo ID safely,
movement.gravity_hover,Movement & Travel,Gravity / Hover Handler,YES,1013216; client/server,Keyboard vertical movement + gravity add suppression,Current transform/gravity ownership unresolved,No vanilla generic hover setting,NATIVE_HOOK,UNSOLVED,Separate local-player movement authority from old transform pointer; observe first,
travel.saved_positions,Movement & Travel,Saved Positions (3 Manual + Dynamic),YES,1013216,Lua stores/restores raw QWORD packed position values,Current transform authority unresolved; old representation is opaque/packed,"Vanilla supports fast travel, not arbitrary save/load position",VANILLA fast travel where possible; NATIVE_OBJECT otherwise,UNSOLVED,Read-only current position capture first; decode packed coordinate representation before writes,3 manual slots + dynamic JSON named slots
travel.fixed_locations,Movement & Travel,Fixed Location Library,YES,1013216,117 Lua destination entries feed same raw-QWORD teleport routine,All 117 names/raw values preserved; many values are opaque packed qwords,Standard travel nodes should use vanilla fast travel,VANILLA_FAST_TRAVEL_OR_DATA_ONLY,DATA_PRESERVED_ROUTE_UNSOLVED,Map destinations to MapMarker/vanilla travel where possible; keep raw-only destinations disabled,117 entries; see 1013216_Fixed_Teleport_Locations.csv
inventory.stack_size,Inventory & Items,Stack Size,YES,1013216; client/server; Ember,Historical pointer +0x14; Ember patches ItemInfo.maxStackSize,Current KFC proves ItemInfo.maxStackSize; prior runtime count matched 1901 stackables,No vanilla arbitrary stack-size setting,RESOURCE,CURRENT_KFC_PROVEN,Use resource patch; validate save/inventory behavior at chosen max,
world.time_of_day,World & Game Settings,Time of Day,YES,1013216; enshrouded client; Building Companion,Runtime time pointer; Building Companion normalized 0..1 override,Current absolute time owner not yet validated,"Vanilla exposes day/night duration, not absolute clock position",VANILLA_ACTION if available else NATIVE_OBJECT,EXTERNAL_REMAP_REQUIRED,Map Building Companion/101 common AOB to current build; independent readback,
glider.tuning,Camera & Glider,Glider Tuning,YES,1013216; client/server; Ember; Building Companion,Historical runtime glider pointer; Ember resource gliderConfig,Current ItemInfo.equipment.gliderConfig gives semantic fields and values,"Vanilla exposes turbulence toggle only, not full tuning",RESOURCE,CURRENT_KFC_PROVEN,"Patch gliderConfig resource, verify restart/live refresh per tier","accelerationForward, longitudinal/lateral/vertical resistance, yaw/pitch/roll"
glider.free_flight,Camera & Glider,Free Glider Flight,NO,flight_mod; Building Companion,Detour RIP-relative scalar load to private -1.57000005f literal,Two independent artifacts corroborate exact scalar concept; current build remap absent,No vanilla free-flight setting,NATIVE_PATCH,EXTERNAL_MULTI_ARTIFACT_CORROBORATED,Search current executable for semantic signature; observe glider altitude scalar before mutation,
movement.low_gravity,Movement & Travel,Low Gravity,NO,enshrouded client/server,Patch gravity scalar from ~25 to ~5 / alter gravity arithmetic,Current movement defaults known but gravity owner not mapped,No vanilla player gravity setting,NATIVE_HOOK,EXTERNAL_REMAP_REQUIRED,Remap gravity consumer; isolate local player,
movement.fall_speed,Movement & Travel,Fall Speed Limit,NO,enshrouded client/server,Patch fall-speed multiplier/clamp,No current owner mapped,No vanilla equivalent,NATIVE_PATCH,EXTERNAL_REMAP_REQUIRED,Remap consumer and compare with low-gravity semantics; dedupe if equivalent UX,
camera.first_person,Camera & Glider,True First Person,NO,enshrouded client,Patch camera/view mode byte,Current CameraStatesManager resources exist,Vanilla build mode uses first-person-like view; normal gameplay toggle absent,VANILLA_ACTION / CAMERA_RESOURCE,INFERRED,Study CameraStatesManager activation before native patch,
camera.distance_offsets,Camera & Glider,Camera Distance / Offsets,NO,enshrouded client,Runtime camera distance and XYZ offset writes,Camera resources exist but live owner/refresh unresolved,No full vanilla admin control,CAMERA_RESOURCE / NATIVE_OBJECT,UNSOLVED,Map CameraStatesManager/override resources and active state,
movement.slope_angles,Movement & Travel,Slope / Sliding Angles,NO,enshrouded client/server; Ember,Historical memory writes 45/55/65; Ember patches SlopeConfig,Current player SlopeConfig exactly contains 45/55/65/10 defaults,No normal vanilla UI,RESOURCE,CURRENT_KFC_PROVEN,Use resource SlopeConfig; validate startup/reload semantics,
building.zone_size,Building Admin,Build Zone Size,NO,enshrouded client/server; Ember,Old pointer exposes array; Ember patches BalancingTable.buildzoneSizesPerAltarLevel,Current BalancingTable field exists,No vanilla arbitrary base-size multiplier,RESOURCE,CURRENT_KFC_PROVEN,Resource patch with clamp; runtime base creation/upgrade test,
building.max_range,Building Admin,Build Placement Range,NO,enshrouded client,Patch hologram/build range constant 3 -> 16,Current resource owner not yet identified,No vanilla setting,NATIVE_PATCH / RESOURCE if found,EXTERNAL_REMAP_REQUIRED,Search current KFC/static for range field before patching code,
building.material_override,Building Admin,Placed Terrain / Block Override,NO,Building Companion,Intercept placement material byte around +0x448; terrain IDs vs block IDs +0x80 encoding,Current building pipeline already partially mapped; exact material discriminator needs independent proof,No vanilla arbitrary override,BUILD_ADAPTER / RESOURCE,EXTERNAL_ARTIFACT,Observe current placement material path and validate encoding in safe test world,
building.voxel_swap,Building Admin,Undo Buffer Voxel Swap / Fill-Replace,NO,Building Companion,Intercept undo-buffer voxel ID and swap terrain/block IDs with +0x80 block encoding,Highly relevant to F8 fill/replace; current authority not proven,No vanilla bulk replace UI,BUILD_ADAPTER,EXTERNAL_ARTIFACT,Map current undo-buffer path read-only; validate terrain/block ID encoding,
building.prop_tools,Building Admin,Prop Inspector / Override / Nudge / Rotation / Flags,NO,Building Companion,"Captured prop UUID and placement struct fields; supports UUID replace, flags, local/global nudge, quaternion/Euler rotation",Current prop/entity placement authority unresolved,No equivalent vanilla admin editor,ENTITY/BUILD_ADAPTER,EXTERNAL_ARTIFACT,"Build read-only last-prop inspector first, then one reversible transform test",
building.break_unbreakable,Building Admin,Break The Unbreakable,NO,Building Companion,Patches multiple breakability conditions globally,No current-build validation; high world-mutation risk,No vanilla admin equivalent,NATIVE_PATCH,EXTERNAL_HIGH_RISK,Defer; prefer resource hardness/breakability field discovery,
world.plant_growth,Vanilla Game Settings,Plant Growth Speed,NO,Building Companion; Ember; vanilla GameSettings,Historical plant growth scalar bypass; vanilla factor exists,GameSettingsPresetsResource proves plantGrowthSpeedFactor,FULL VANILLA OVERLAP for speed adjustment,VANILLA_ACTION,CURRENT_KFC_PROVEN,Drop custom speed cheat. Only research Instant Growth if explicitly desired beyond vanilla,
world.map_fog,World & Game Settings,Map Fog / Discovery Range,NO,Building Companion; Ember,Building Companion inflates reveal scalar; Ember patches FogOfWarDiscovery.discoveryRange,Current TemplateResource FogOfWarDiscovery type exists,Vanilla has exploration reveal but no admin full reveal toggle,RESOURCE / VANILLA_ACTION,CURRENT_STATIC_CANDIDATE,Prefer discovery-range/resource or legitimate reveal action; avoid blind native radius patch,
travel.fast_travel_marker_rules,Movement & Travel,Additional Fast Travel Marker Categories,NO,Ember,Set MapMarkerRegistryResource.mapMarkers[].isFastTravelDestination by sorting category,Current MapMarkerRegistryResource exists,Extends vanilla fast travel rather than duplicating it,RESOURCE / VANILLA_ACTION,CURRENT_KFC_PROVEN_FIELD,Patch marker eligibility; test discovered marker travel,
world.no_barriers,World & Game Settings,Remove World / EA Barriers,NO,Ember; enshrouded client world-border bypass,Ember clears SceneResource resetPlayersOutOfBounds.playableAreas; CT bypasses border logic,Current SceneResource available,No normal vanilla toggle,RESOURCE preferred,CURRENT_KFC_FIELD_CANDIDATE,Use SceneResource route first; test boundary behavior/restart,
crafting.unlock_all_recipes,Crafting & Progression,Unlock All Recipes,NO,Building Companion; Ember,Legacy bit-test override vs Ember recipe knowledge requirement rewrite,Current RecipeRegistryResource exists,No vanilla admin unlock-all,RESOURCE preferred,CURRENT_KFC_RESOURCE_AVAILABLE,Clone/patch knowledge requirements in test profile; verify recipe visibility without save corruption,
inventory.infinite_item_use,Inventory & Items,Infinite Item Use,NO,Building Companion,Consumption path forces zero decrement/value,Current item-consumption authority not mapped,No vanilla equivalent,NATIVE_PATCH,EXTERNAL_REMAP_REQUIRED,Remap consumption delta path; distinguish crafting costs from item-use costs,
storage.magic_storage,Inventory & Items,Expanded / Magic Storage,NO,Ember,Add InventoryCraftingStock to InventorySetup-capable storage templates,Current TemplateResource/InventorySetup confirmed in prior research,No vanilla global storage upgrade,RESOURCE,CURRENT_KFC_PROVEN_TYPES,Patch canary storage template first; verify slot/crafting visibility,
progression.level_caps,Crafting & Progression,Player / Item Level Caps,NO,Ember,BalancingTable playerLevelMax/playerLevelCap/itemLevelCap + ItemInfo sync,Current BalancingTable fields exist,No vanilla arbitrary cap setting,RESOURCE,CURRENT_KFC_PROVEN_FIELDS,Startup-only resource test on test profile; avoid existing save over-cap assumptions,
progression.skill_points_per_level,Crafting & Progression,Skill Points per Level,NO,Ember,BalancingTable.skillPointsPerLevel,Current field exists,No vanilla difficulty setting identified,RESOURCE,CURRENT_KFC_PROVEN_FIELD,Test future level-up only; keep distinct from immediate points cheats,
building.flame_altar_limit,Building Admin,Flame Altar Limit,NO,Ember,BalancingTable.altarsPerFlameLevel,Current field exists,No vanilla arbitrary altar-count setting,RESOURCE,CURRENT_KFC_PROVEN_FIELD,Patch startup resource and validate altar placement count,
building.no_build_zones,Building Admin,Remove No-Build Zones / Build Outside Altar / Build in Fog,NO,Ember,SceneResource noBuildZones and ItemInfo/equipment placement flags/components,Current resource types available,No vanilla broad admin toggle,RESOURCE,EXTERNAL_SOURCE_CURRENT_TYPES,Split into explicit toggles; canary test safe scene/item subsets,
terrain.material_replace,Building Admin,Terrain Material Replacer,NO,Ember; Building Companion,Resource GUID -> material ID replacement; CT placement intercept gives runtime override alternative,Current ItemInfo/Terraforming resources available,No vanilla arbitrary material replacement,RESOURCE / BUILD_ADAPTER,CURRENT_KFC_RESOURCE_AVAILABLE,Prefer resource mapping for configured materials; runtime override only if live selection needed,
building.block_replace,Building Admin,Block Material Replacer,NO,Ember; Building Companion,ItemInfo resource material index replacement; CT runtime block override alternative,Current ItemInfo available,No vanilla arbitrary block replacement,RESOURCE / BUILD_ADAPTER,CURRENT_KFC_RESOURCE_AVAILABLE,Prefer resource mapping; validate preview/placement,
terrain.properties,Building Admin,Terraforming Hardness / HP / Susceptibility,NO,Ember,TerraformingEfficiencyRegistryResource.terrainConfigs edits,Current resource exists,No vanilla editor,RESOURCE,CURRENT_KFC_PROVEN_RESOURCE,Patch one material canary; validate mining behavior,
terrain.drop_rate,Building Admin,Terraforming Drop Rate,NO,Ember,Resource exchange/drop rate edits,Current terraforming/loot resources exist,Vanilla dropAmount is global partial overlap,RESOURCE,VANILLA_PARTIAL_OVERLAP,Use vanilla global drop factor for ordinary admin; keep per-terrain rate only as advanced control,
building.custom_blueprints,Building Admin,Custom Blueprint Injector,NO,Ember; Architect existing F8 work,Create VoxelModelResource + ItemInfo and registry links,Architect already has proven single-carrier blueprint path,Not vanilla UI feature,ARCHITECT_BUILD_SYSTEM,PROVEN_ARCHITECT_PRIMITIVE_PARTIAL,Do not duplicate in F7; expose F8/Developer bridge if needed,
spell.tuning,Crafting & Progression,Spell Cast Time / Mana Cost,NO,Ember,ItemInfo spell-ammo charge/mana impact plus ActorSequence usage-cost edits,Current resources available,No vanilla setting,RESOURCE,EXTERNAL_SOURCE_CURRENT_TYPES,Patch one spell canary and verify UI/value sync,
buff.reapply,Player,Allow Buff Reapplication,NO,Ember,BuffType resource eligibility change,Current BuffType resource available,No vanilla setting,RESOURCE,CURRENT_KFC_RESOURCE_AVAILABLE,Identify exact field and test one consumable buff,
skill.updraft,Movement & Travel,Updraft Skill Tuning,NO,Ember,ActorSequence event/vector/duration/mana edits,Current ActorSequenceResource available,No vanilla admin setting,RESOURCE,CURRENT_KFC_RESOURCE_AVAILABLE,Patch canary updraft values and test,
loot.multipliers,World & Game Settings,Loot / Resource Drop Multipliers,NO,Ember; vanilla GameSettings,Resource-specific loot tables/ranges + max stacks,Vanilla resourceDropStackAmountFactor exists for global amount,VANILLA PARTIAL OVERLAP,VANILLA_ACTION for global; RESOURCE for advanced per-source,CURRENT_KFC_PROVEN_VANILLA,Default to vanilla global; keep advanced per-source only if user wants beyond vanilla,
gems.tuning,Crafting & Progression,Gem Salvage / Slot Probabilities,NO,Ember,BalancingTable gemCrafting / gemSlotProbability fields,Current BalancingTable available,No vanilla setting,RESOURCE,CURRENT_KFC_RESOURCE_AVAILABLE,Verify exact current fields then patch canary,
fishing.tuning,World & Game Settings,Fishing Tuning,NO,Ember,BalancingTable tier-specific fishing values,Current BalancingTable available; vanilla fishingDifficulty overlaps globally,VANILLA PARTIAL OVERLAP,VANILLA_ACTION for difficulty; RESOURCE for advanced tier tuning,CURRENT_KFC_PROVEN_VANILLA,Delegate ordinary difficulty; keep advanced tier controls optional,
fog.visuals,World & Game Settings,Fog / Shroud Visual Tuning,NO,Ember; enshrouded client visual experiments,VolumetricFog resource density/opacity fields,Current VolumetricFog resources available,No normal full visual admin panel,RESOURCE,CURRENT_KFC_RESOURCE_AVAILABLE,Keep separate from survival Shroud timer; visual-only test,
visual.debug_experiments,Inspector / Diagnostics,Legacy Visual / Asset Swap Experiments,NO,enshrouded client,"Water glow/fog/transparency, torch colors, terrain textures, asset/model swaps",Historical experimental scripts only,Not core admin functionality,RESEARCH_ONLY,EXTERNAL_ARTIFACT,Do not put in default F7; preserve in Developer/Research catalog,
world.game_settings_vanilla,Vanilla Game Settings,Vanilla Difficulty / World Settings,NO,Ember; current KFC,Expanded min/max/UI settings over current GameSettings resources,37 backend fields and 39 UI entries confirmed,THIS IS VANILLA,VANILLA_ACTION / RESOURCE,CURRENT_KFC_PROVEN,Expose only as optional convenience bridge; do not create duplicate cheat implementations,
