backend_key,min_value,max_value,dedupe_policy
aggroPoolAmount,"""Normal""","""Normal""",VANILLA_DELEGATE
bossDamageFactor,0.20000000298023224,5.0,VANILLA_DELEGATE
bossHealthFactor,0.20000000298023224,4.0,VANILLA_DELEGATE
curseModifier,"""Normal""","""Normal""",VANILLA_DELEGATE
dayTimeDuration,"{""value"":120000000000}","{""value"":3600000000000}",VANILLA_DELEGATE
enableDurability,true,true,VANILLA_DELEGATE
enableGliderTurbulences,true,true,VANILLA_DELEGATE
enableStarvingDebuff,false,false,VANILLA_DELEGATE
enemyDamageFactor,0.25,5.0,VANILLA_DELEGATE
enemyHealthFactor,0.25,4.0,VANILLA_DELEGATE
enemyPerceptionRangeFactor,0.5,2.0,VANILLA_DELEGATE
enemyStaminaFactor,0.5,2.0,VANILLA_DELEGATE
experienceCombatFactor,0.25,2.0,VANILLA_DELEGATE
experienceExplorationQuestsFactor,0.25,2.0,VANILLA_DELEGATE
experienceMiningFactor,0.0,2.0,VANILLA_DELEGATE
factoryProductionSpeedFactor,0.25,2.0,VANILLA_DELEGATE
fishingDifficulty,"""Normal""","""Normal""",VANILLA_DELEGATE
foodBuffDurationFactor,0.5,2.0,VANILLA_DELEGATE
fromHungerToStarving,"{""value"":300000000000}","{""value"":1200000000000}",VANILLA_DELEGATE
miningDamageFactor,0.5,2.0,VANILLA_DELEGATE
nightTimeDuration,"{""value"":120000000000}","{""value"":3600000000000}",VANILLA_DELEGATE
pacifyAllEnemies,false,false,VANILLA_DELEGATE
perkCostFactor,0.25,2.0,VANILLA_DELEGATE
perkUpgradeRecyclingFactor,0.0,1.0,VANILLA_DELEGATE
plantGrowthSpeedFactor,0.25,2.0,VANILLA_DELEGATE
playerBodyHeatFactor,0.5,2.0,VANILLA_DELEGATE
playerDivingTimeFactor,0.75,2.0,VANILLA_DELEGATE
playerHealthFactor,0.25,4.0,VANILLA_DELEGATE
playerManaFactor,0.25,4.0,VANILLA_DELEGATE
playerStaminaFactor,0.25,4.0,VANILLA_DELEGATE
randomSpawnerAmount,"""Normal""","""Normal""",VANILLA_DELEGATE
resourceDropStackAmountFactor,0.25,2.0,VANILLA_DELEGATE
shroudTimeFactor,0.5,2.0,VANILLA_DELEGATE
tamingStartleRepercussion,"""LoseSomeProgress""","""LoseSomeProgress""",VANILLA_DELEGATE
threatBonus,0.25,4.0,VANILLA_DELEGATE
tombstoneMode,"""AddBackpackMaterials""","""AddBackpackMaterials""",VANILLA_DELEGATE
weatherFrequency,"""Normal""","""Normal""",VANILLA_DELEGATE
